<?xml version="1.0" encoding="UTF-8"?><InteractionHistory Id="local-2" Version="1"><InteractionEvent Delta="null" EndDate="2023-08-05 15:59:37.851 COT" Interest="1506.088" Kind="propagation" Navigation="org.eclipse.mylyn.core.model.edges.containment" OriginId="org.eclipse.mylyn.core.model.interest.propagation" StartDate="2023-08-03 10:49:15.749 COT" StructureHandle="" StructureKind="java" NumEvents="228" CreationCount="937"/><InteractionEvent Delta="null" EndDate="2023-08-05 16:43:26.246 COT" Interest="161.0" Kind="propagation" Navigation="null" OriginId="org.eclipse.jdt.ui.CompilationUnitEditor" StartDate="2023-08-05 16:27:09.475 COT" StructureHandle="/RetroChat Client Project/src/gui/RegisterUserPanel.java" StructureKind="resource" NumEvents="161" CreationCount="1774"/><InteractionEvent Delta="null" EndDate="2023-08-05 15:58:53.398 COT" Interest="1.0" Kind="selection" Navigation="null" OriginId="org.eclipse.jdt.ui.CompilationUnitEditor" StartDate="2023-08-05 15:58:53.398 COT" StructureHandle="=RetroChat API Server/src&amp;lt;run{PasswordHashingUtil.java[PasswordHashingUtil~hashPassword~QString;" StructureKind="java"/><InteractionEvent Delta="null" EndDate="2023-08-05 16:44:31.256 COT" Interest="1.0" Kind="selection" Navigation="null" OriginId="org.eclipse.jdt.ui.CompilationUnitEditor" StartDate="2023-08-05 16:44:31.256 COT" StructureHandle="=RetroChat Client Project/src&amp;lt;run{Start.java[Start^api" StructureKind="java"/><InteractionEvent Delta="null" EndDate="2023-08-05 16:21:22.805 COT" Interest="1.0" Kind="propagation" Navigation="null" OriginId="org.eclipse.jdt.ui.PackageExplorer" StartDate="2023-08-05 16:21:22.805 COT" StructureHandle="/RetroChat Client Project/src/gui/ManageUserJPanel.java" StructureKind="resource"/><InteractionEvent Delta="null" EndDate="2023-08-05 16:39:06.297 COT" Interest="1.0" Kind="selection" Navigation="null" OriginId="org.eclipse.jdt.ui.CompilationUnitEditor" StartDate="2023-08-05 16:39:06.297 COT" StructureHandle="=RetroChat Client Project/src&amp;lt;app{ManageLoginData.java#java.security.NoSuchAlgorithmException" StructureKind="java"/><InteractionEvent Delta="null" EndDate="2023-08-05 16:21:22.805 COT" Interest="9.0" Kind="selection" Navigation="null" OriginId="org.eclipse.jdt.ui.PackageExplorer" StartDate="2023-08-05 16:16:07.896 COT" StructureHandle="=RetroChat Client Project/src&amp;lt;gui{ManageUserJPanel.java" StructureKind="java" NumEvents="9" CreationCount="1564"/><InteractionEvent Delta="null" EndDate="2023-08-05 16:20:37.513 COT" Interest="16.451" Kind="propagation" Navigation="org.eclipse.mylyn.core.model.edges.containment" OriginId="org.eclipse.mylyn.core.model.interest.propagation" StartDate="2023-08-05 16:16:07.801 COT" StructureHandle="=RetroChat Client Project/src&amp;lt;gui{manageUserUI.java" StructureKind="java" NumEvents="25" CreationCount="1564"/><InteractionEvent Delta="null" EndDate="2023-08-05 16:17:01.844 COT" Interest="1.0" Kind="edit" Navigation="null" OriginId="org.eclipse.jdt.ui.CompilationUnitEditor" StartDate="2023-08-05 16:17:01.844 COT" StructureHandle="=RetroChat Client Project/src&amp;lt;gui{manageUserUI.java" StructureKind="java"/><InteractionEvent Delta="null" EndDate="2023-08-05 15:50:23.410 COT" Interest="1.0" Kind="selection" Navigation="null" OriginId="org.eclipse.jdt.ui.PackageExplorer" StartDate="2023-08-05 15:50:23.410 COT" StructureHandle="=RetroChat API Server/src&amp;lt;run" StructureKind="java"/><InteractionEvent Delta="null" EndDate="2023-08-05 15:52:11.350 COT" Interest="36.105003" Kind="propagation" Navigation="org.eclipse.mylyn.core.model.edges.containment" OriginId="org.eclipse.mylyn.core.model.interest.propagation" StartDate="2023-08-02 14:47:51.296 COT" StructureHandle="=RetroChat API Server/src&amp;lt;run" StructureKind="java" NumEvents="42" CreationCount="1"/><InteractionEvent Delta="null" EndDate="2023-08-02 15:13:15.394 COT" Interest="4.0" Kind="selection" Navigation="null" OriginId="org.eclipse.jdt.ui.CompilationUnitEditor" StartDate="2023-08-02 15:19:00.200 COT" StructureHandle="=RetroChat API Server/src&amp;lt;db{DatabaseConnection.java#java.sql.*" StructureKind="java" NumEvents="4" CreationCount="0"/><InteractionEvent Delta="null" EndDate="2023-08-02 16:33:53.467 COT" Interest="6.6840005" Kind="manipulation" Navigation="null" OriginId="org.eclipse.mylyn.core.model.interest.decay.correction" StartDate="2023-08-02 16:33:53.467 COT" StructureHandle="=RetroChat API Server/src&amp;lt;db{DatabaseConnection.java#java.sql.*" StructureKind="java"/><InteractionEvent Delta="null" EndDate="2023-08-02 16:33:08.927 COT" Interest="1.0" Kind="selection" Navigation="null" OriginId="org.eclipse.jdt.ui.CompilationUnitEditor" StartDate="2023-08-02 16:33:08.927 COT" StructureHandle="=RetroChat API Server/src&amp;lt;db{ManageUser.java[ManageUser^db" StructureKind="java"/><InteractionEvent Delta="null" EndDate="2023-08-02 16:25:53.611 COT" Interest="35.0" Kind="propagation" Navigation="null" OriginId="org.eclipse.jdt.ui.PackageExplorer" StartDate="2023-08-02 16:24:07.235 COT" StructureHandle="/RetroChat API Server/src/db/CreateUser.java" StructureKind="resource" NumEvents="35" CreationCount="475"/><InteractionEvent Delta="null" EndDate="2023-08-05 16:00:50.238 COT" Interest="1.0" Kind="propagation" Navigation="null" OriginId="org.eclipse.jdt.ui.PackageExplorer" StartDate="2023-08-05 16:00:50.238 COT" StructureHandle="/RetroChat Client Project/src/app/User.java" StructureKind="resource"/><InteractionEvent Delta="null" EndDate="2023-08-05 15:50:30.897 COT" Interest="59.0" Kind="propagation" Navigation="null" OriginId="org.eclipse.jdt.ui.PackageExplorer" StartDate="2023-08-02 14:47:51.295 COT" StructureHandle="/RetroChat API Server/src/run/Start.java" StructureKind="resource" NumEvents="59" CreationCount="1"/><InteractionEvent Delta="null" EndDate="2023-08-05 15:28:10.81 COT" Interest="15.0" Kind="selection" Navigation="null" OriginId="org.eclipse.jdt.ui.CompilationUnitEditor" StartDate="2023-08-02 14:47:51.293 COT" StructureHandle="=RetroChat API Server/src&amp;lt;run{Start.java[Start~main~\[QString;" StructureKind="java" NumEvents="15" CreationCount="1"/><InteractionEvent Delta="null" EndDate="2023-08-03 18:02:40.970 COT" Interest="10.405002" Kind="manipulation" Navigation="null" OriginId="org.eclipse.mylyn.core.model.interest.decay.correction" StartDate="2023-08-03 10:49:26.538 COT" StructureHandle="=RetroChat API Server/src&amp;lt;run{Start.java[Start~main~\[QString;" StructureKind="java" NumEvents="2" CreationCount="1"/><InteractionEvent Delta="null" EndDate="2023-08-05 15:28:36.232 COT" Interest="11.0" Kind="edit" Navigation="null" OriginId="org.eclipse.jdt.ui.CompilationUnitEditor" StartDate="2023-08-02 14:47:58.732 COT" StructureHandle="=RetroChat API Server/src&amp;lt;run{Start.java[Start~main~\[QString;" StructureKind="java" NumEvents="11" CreationCount="1"/><InteractionEvent Delta="null" EndDate="2023-08-05 16:00:36.326 COT" Interest="21.984001" Kind="manipulation" Navigation="null" OriginId="org.eclipse.mylyn.core.model.interest.decay.correction" StartDate="2023-08-05 16:00:36.326 COT" StructureHandle="/RetroChat Client Project/src/app/UserLogin.java" StructureKind="resource"/><InteractionEvent Delta="null" EndDate="2023-08-05 16:18:20.136 COT" Interest="8.0" Kind="propagation" Navigation="null" OriginId="org.eclipse.jdt.ui.CompilationUnitEditor" StartDate="2023-08-02 16:32:41.580 COT" StructureHandle="/RetroChat Client Project/src/app/UserLogin.java" StructureKind="resource" NumEvents="8" CreationCount="33"/><InteractionEvent Delta="null" EndDate="2023-08-03 15:25:41.432 COT" Interest="10.0" Kind="selection" Navigation="null" OriginId="org.eclipse.jdt.ui.CompilationUnitEditor" StartDate="2023-08-02 16:30:00.276 COT" StructureHandle="=RetroChat API Server/src&amp;lt;users{UserLogin.java[UserLogin~UserLogin~QString;~QString;~QString;" StructureKind="java" NumEvents="10" CreationCount="570"/><InteractionEvent Delta="null" EndDate="2023-08-03 15:25:41.840 COT" Interest="28.0" Kind="edit" Navigation="null" OriginId="org.eclipse.jdt.ui.CompilationUnitEditor" StartDate="2023-08-02 16:30:06.907 COT" StructureHandle="=RetroChat API Server/src&amp;lt;users{UserLogin.java[UserLogin~UserLogin~QString;~QString;~QString;" StructureKind="java" NumEvents="28" CreationCount="570"/><InteractionEvent Delta="null" EndDate="2023-08-05 16:04:12.231 COT" Interest="1.7" Kind="propagation" Navigation="org.eclipse.mylyn.core.model.edges.containment" OriginId="org.eclipse.mylyn.core.model.interest.propagation" StartDate="2023-08-05 16:04:11.146 COT" StructureHandle="=RetroChat Client Project/src&amp;lt;gui{LoginFrame.java[LoginPanels~LoginPanels" StructureKind="java" NumEvents="2" CreationCount="1403"/><InteractionEvent Delta="null" EndDate="2023-08-05 15:28:53.128 COT" Interest="11.0" Kind="selection" Navigation="null" OriginId="org.eclipse.jdt.ui.CompilationUnitEditor" StartDate="2023-08-02 16:26:47.866 COT" StructureHandle="=RetroChat API Server/src&amp;lt;db{ManageUser.java[ManageUser" StructureKind="java" NumEvents="11" CreationCount="517"/><InteractionEvent Delta="null" EndDate="2023-08-03 15:01:15.263 COT" Interest="171.636" Kind="propagation" Navigation="org.eclipse.mylyn.core.model.edges.containment" OriginId="org.eclipse.mylyn.core.model.interest.propagation" StartDate="2023-08-02 16:26:53.358 COT" StructureHandle="=RetroChat API Server/src&amp;lt;db{ManageUser.java[ManageUser" StructureKind="java" NumEvents="241" CreationCount="517"/><InteractionEvent Delta="null" EndDate="2023-08-03 15:02:38.807 COT" Interest="13.0" Kind="edit" Navigation="null" OriginId="org.eclipse.jdt.ui.CompilationUnitEditor" StartDate="2023-08-02 16:26:47.891 COT" StructureHandle="=RetroChat API Server/src&amp;lt;db{ManageUser.java[ManageUser" StructureKind="java" NumEvents="13" CreationCount="517"/><InteractionEvent Delta="null" EndDate="2023-08-05 16:36:41.973 COT" Interest="17.0" Kind="propagation" Navigation="null" OriginId="org.eclipse.jdt.ui.CompilationUnitEditor" StartDate="2023-08-05 15:59:14.748 COT" StructureHandle="/RetroChat Client Project/src/app/PasswordHashingUtil.java" StructureKind="resource" NumEvents="17" CreationCount="1379"/><InteractionEvent Delta="null" EndDate="2023-08-05 16:23:26.966 COT" Interest="6.0" Kind="selection" Navigation="null" OriginId="org.eclipse.jdt.ui.CompilationUnitEditor" StartDate="2023-08-05 16:10:03.230 COT" StructureHandle="=RetroChat Client Project/src&amp;lt;gui{LoginPanel.java[LoginPanel~LoginPanel[!2~actionPerformed~QActionEvent;" StructureKind="java" NumEvents="6" CreationCount="1482"/><InteractionEvent Delta="null" EndDate="2023-08-05 16:23:35.546 COT" Interest="17.0" Kind="edit" Navigation="null" OriginId="org.eclipse.jdt.ui.CompilationUnitEditor" StartDate="2023-08-05 16:12:01.325 COT" StructureHandle="=RetroChat Client Project/src&amp;lt;gui{LoginPanel.java[LoginPanel~LoginPanel[!2~actionPerformed~QActionEvent;" StructureKind="java" NumEvents="17" CreationCount="1482"/><InteractionEvent Delta="null" EndDate="2023-08-05 16:38:56.310 COT" Interest="2.0" Kind="selection" Navigation="null" OriginId="org.eclipse.jdt.ui.CompilationUnitEditor" StartDate="2023-08-05 16:38:55.481 COT" StructureHandle="=RetroChat Client Project/src&amp;lt;app{ManageLoginData.java#" StructureKind="java" NumEvents="2" CreationCount="1906"/><InteractionEvent Delta="null" EndDate="2023-08-05 16:38:54.184 COT" Interest="1.0" Kind="propagation" Navigation="org.eclipse.mylyn.core.model.edges.containment" OriginId="org.eclipse.mylyn.core.model.interest.propagation" StartDate="2023-08-05 16:38:54.184 COT" StructureHandle="=RetroChat Client Project/src&amp;lt;app{ManageLoginData.java#" StructureKind="java"/><InteractionEvent Delta="null" EndDate="2023-08-05 16:43:26.246 COT" Interest="62.8" Kind="propagation" Navigation="org.eclipse.mylyn.core.model.edges.containment" OriginId="org.eclipse.mylyn.core.model.interest.propagation" StartDate="2023-08-05 16:33:18.578 COT" StructureHandle="=RetroChat Client Project/src&amp;lt;gui{RegisterUserPanel.java[RegisterUserPanel~RegisterUserPanel[" StructureKind="java" NumEvents="88" CreationCount="1835"/><InteractionEvent Delta="null" EndDate="2023-08-05 15:03:09.22 COT" Interest="22.0" Kind="selection" Navigation="null" OriginId="org.eclipse.jdt.ui.CompilationUnitEditor" StartDate="2023-08-02 15:07:24.718 COT" StructureHandle="=RetroChat API Server/src&amp;lt;db{DatabaseConnection.java" StructureKind="java" NumEvents="22" CreationCount="61"/><InteractionEvent Delta="null" EndDate="2023-08-02 16:16:24.230 COT" Interest="76.595" Kind="propagation" Navigation="org.eclipse.mylyn.core.model.edges.containment" OriginId="org.eclipse.mylyn.core.model.interest.propagation" StartDate="2023-08-02 15:07:24.522 COT" StructureHandle="=RetroChat API Server/src&amp;lt;db{DatabaseConnection.java" StructureKind="java" NumEvents="111" CreationCount="61"/><InteractionEvent Delta="null" EndDate="2023-08-02 15:50:27.22 COT" Interest="3.0" Kind="selection" Navigation="null" OriginId="org.eclipse.jdt.ui.CompilationUnitEditor" StartDate="2023-08-02 15:34:01.4 COT" StructureHandle="=RetroChat API Server/src&amp;lt;db{DatabaseConnection.java[DatabaseConnection~setConnection~QConnection;" StructureKind="java" NumEvents="3" CreationCount="263"/><InteractionEvent Delta="null" EndDate="2023-08-02 15:50:31.246 COT" Interest="3.0" Kind="edit" Navigation="null" OriginId="org.eclipse.jdt.ui.CompilationUnitEditor" StartDate="2023-08-02 15:34:14.498 COT" StructureHandle="=RetroChat API Server/src&amp;lt;db{DatabaseConnection.java[DatabaseConnection~setConnection~QConnection;" StructureKind="java" NumEvents="3" CreationCount="263"/><InteractionEvent Delta="null" EndDate="2023-08-05 15:29:47.99 COT" Interest="2.0" Kind="selection" Navigation="null" OriginId="org.eclipse.jdt.ui.PackageExplorer" StartDate="2023-08-02 14:48:32.62 COT" StructureHandle="=RetroChat Client Project/src&amp;lt;run" StructureKind="java" NumEvents="2" CreationCount="232"/><InteractionEvent Delta="null" EndDate="2023-08-05 16:44:41.261 COT" Interest="78.76399" Kind="propagation" Navigation="org.eclipse.mylyn.core.model.edges.containment" OriginId="org.eclipse.mylyn.core.model.interest.propagation" StartDate="2023-08-02 14:48:00.313 COT" StructureHandle="=RetroChat Client Project/src&amp;lt;run" StructureKind="java" NumEvents="83" CreationCount="232"/><InteractionEvent Delta="null" EndDate="2023-08-05 16:14:01.656 COT" Interest="51.1" Kind="propagation" Navigation="org.eclipse.mylyn.core.model.edges.containment" OriginId="org.eclipse.mylyn.core.model.interest.propagation" StartDate="2023-08-05 15:41:24.257 COT" StructureHandle="=RetroChat Client Project/src&amp;lt;socket{ConnectToServer.java[ConnectToServer" StructureKind="java" NumEvents="70" CreationCount="1253"/><InteractionEvent Delta="null" EndDate="2023-08-02 16:21:15.890 COT" Interest="8.293" Kind="propagation" Navigation="org.eclipse.mylyn.core.model.edges.containment" OriginId="org.eclipse.mylyn.core.model.interest.propagation" StartDate="2023-08-02 14:59:08.393 COT" StructureHandle="/RetroChat Client Project/files" StructureKind="resource" NumEvents="2" CreationCount="42"/><InteractionEvent Delta="null" EndDate="2023-08-05 16:28:01.902 COT" Interest="1.0" Kind="selection" Navigation="null" OriginId="org.eclipse.jdt.ui.CompilationUnitEditor" StartDate="2023-08-05 16:28:01.902 COT" StructureHandle="=RetroChat Client Project/src&amp;lt;gui{RegisterUserPanel.java[RegisterUserPanel^usernameField" StructureKind="java"/><InteractionEvent Delta="null" EndDate="2023-08-05 16:28:02.528 COT" Interest="1.0" Kind="edit" Navigation="null" OriginId="org.eclipse.jdt.ui.CompilationUnitEditor" StartDate="2023-08-05 16:28:02.528 COT" StructureHandle="=RetroChat Client Project/src&amp;lt;gui{RegisterUserPanel.java[RegisterUserPanel^usernameField" StructureKind="java"/><InteractionEvent Delta="null" EndDate="2023-08-05 16:39:26.874 COT" Interest="5.0" Kind="selection" Navigation="null" OriginId="org.eclipse.jdt.ui.CompilationUnitEditor" StartDate="2023-08-05 16:38:42.651 COT" StructureHandle="=RetroChat Client Project/src&amp;lt;app{ManageLoginData.java[ManageLoginData~isRealEmail~QString;" StructureKind="java" NumEvents="5" CreationCount="1904"/><InteractionEvent Delta="null" EndDate="2023-08-05 16:39:20.843 COT" Interest="5.0" Kind="edit" Navigation="null" OriginId="org.eclipse.jdt.ui.CompilationUnitEditor" StartDate="2023-08-05 16:38:46.923 COT" StructureHandle="=RetroChat Client Project/src&amp;lt;app{ManageLoginData.java[ManageLoginData~validarEmail~QString;" StructureKind="java" NumEvents="5" CreationCount="1904"/><InteractionEvent Delta="null" EndDate="2023-08-05 15:59:37.850 COT" Interest="3.0" Kind="selection" Navigation="null" OriginId="org.eclipse.jdt.ui.PackageExplorer" StartDate="2023-08-02 16:19:46.475 COT" StructureHandle="=RetroChat API Server/src&amp;lt;socket{ConnectToClient.java" StructureKind="java" NumEvents="3" CreationCount="268"/><InteractionEvent Delta="null" EndDate="2023-08-05 15:59:37.850 COT" Interest="15.887001" Kind="manipulation" Navigation="null" OriginId="org.eclipse.mylyn.core.model.interest.decay.correction" StartDate="2023-08-05 15:59:37.850 COT" StructureHandle="=RetroChat API Server/src&amp;lt;socket{ConnectToClient.java" StructureKind="java"/><InteractionEvent Delta="null" EndDate="2023-08-02 16:19:43.553 COT" Interest="1.0" Kind="prediction" Navigation="null" OriginId="org.eclipse.mylyn.resources.ui.interest.updater" StartDate="2023-08-02 16:19:43.553 COT" StructureHandle="=RetroChat API Server/src&amp;lt;socket{ConnectToClient.java" StructureKind="java"/><InteractionEvent Delta="null" EndDate="2023-08-02 16:21:15.890 COT" Interest="8.293" Kind="propagation" Navigation="org.eclipse.mylyn.core.model.edges.containment" OriginId="org.eclipse.mylyn.core.model.interest.propagation" StartDate="2023-08-02 14:59:08.392 COT" StructureHandle="/RetroChat Client Project/files/serverData" StructureKind="resource" NumEvents="2" CreationCount="42"/><InteractionEvent Delta="null" EndDate="2023-08-02 15:54:38.395 COT" Interest="2.0" Kind="selection" Navigation="null" OriginId="org.eclipse.jdt.ui.CompilationUnitEditor" StartDate="2023-08-02 15:50:10.84 COT" StructureHandle="=RetroChat API Server/src&amp;lt;db{DatabaseConnection.java[DatabaseConnection~getStatement" StructureKind="java" NumEvents="2" CreationCount="346"/><InteractionEvent Delta="null" EndDate="2023-08-02 15:50:14.106 COT" Interest="2.0" Kind="edit" Navigation="null" OriginId="org.eclipse.jdt.ui.CompilationUnitEditor" StartDate="2023-08-02 15:50:12.184 COT" StructureHandle="=RetroChat API Server/src&amp;lt;db{DatabaseConnection.java[DatabaseConnection~getStatement" StructureKind="java" NumEvents="2" CreationCount="346"/><InteractionEvent Delta="null" EndDate="2023-08-05 15:58:53.399 COT" Interest="1.0" Kind="propagation" Navigation="org.eclipse.mylyn.core.model.edges.containment" OriginId="org.eclipse.mylyn.core.model.interest.propagation" StartDate="2023-08-05 15:58:53.399 COT" StructureHandle="=RetroChat API Server/src&amp;lt;run{PasswordHashingUtil.java[PasswordHashingUtil" StructureKind="java"/><InteractionEvent Delta="null" EndDate="2023-08-05 16:27:11.954 COT" Interest="7.0" Kind="selection" Navigation="null" OriginId="org.eclipse.jdt.ui.CompilationUnitEditor" StartDate="2023-08-05 16:08:40.143 COT" StructureHandle="=RetroChat Client Project/src&amp;lt;gui{LoginPanel.java[LoginPanel~LoginPanel" StructureKind="java" NumEvents="7" CreationCount="1465"/><InteractionEvent Delta="null" EndDate="2023-08-05 16:23:35.547 COT" Interest="10.689" Kind="propagation" Navigation="org.eclipse.mylyn.core.model.edges.containment" OriginId="org.eclipse.mylyn.core.model.interest.propagation" StartDate="2023-08-05 16:09:12.35 COT" StructureHandle="=RetroChat Client Project/src&amp;lt;gui{LoginPanel.java[LoginPanel~LoginPanel" StructureKind="java" NumEvents="16" CreationCount="1465"/><InteractionEvent Delta="null" EndDate="2023-08-05 16:27:11.966 COT" Interest="6.0" Kind="edit" Navigation="null" OriginId="org.eclipse.jdt.ui.CompilationUnitEditor" StartDate="2023-08-05 16:08:41.15 COT" StructureHandle="=RetroChat Client Project/src&amp;lt;gui{LoginPanel.java[LoginPanel~LoginPanel" StructureKind="java" NumEvents="6" CreationCount="1465"/><InteractionEvent Delta="null" EndDate="2023-08-05 16:44:12.980 COT" Interest="2.0" Kind="selection" Navigation="null" OriginId="org.eclipse.jdt.ui.CompilationUnitEditor" StartDate="2023-08-03 15:00:43.795 COT" StructureHandle="=RetroChat Client Project/src&amp;lt;run{Start.java[Start" StructureKind="java" NumEvents="2" CreationCount="276"/><InteractionEvent Delta="null" EndDate="2023-08-05 16:44:41.261 COT" Interest="78.01599" Kind="propagation" Navigation="org.eclipse.mylyn.core.model.edges.containment" OriginId="org.eclipse.mylyn.core.model.interest.propagation" StartDate="2023-08-02 14:48:00.313 COT" StructureHandle="=RetroChat Client Project/src&amp;lt;run{Start.java[Start" StructureKind="java" NumEvents="94" CreationCount="276"/><InteractionEvent Delta="null" EndDate="2023-08-02 16:25:04.720 COT" Interest="2.0" Kind="selection" Navigation="null" OriginId="org.eclipse.jdt.ui.CompilationUnitEditor" StartDate="2023-08-02 16:22:58.536 COT" StructureHandle="=RetroChat API Server/src&amp;lt;db{DatabaseConnection.java[DatabaseConnection~getConnection" StructureKind="java" NumEvents="2" CreationCount="473"/><InteractionEvent Delta="null" EndDate="2023-08-05 15:59:37.850 COT" Interest="1522.0" Kind="propagation" Navigation="org.eclipse.mylyn.core.model.edges.containment" OriginId="org.eclipse.mylyn.core.model.interest.propagation" StartDate="2023-08-02 14:47:51.295 COT" StructureHandle="/" StructureKind="resource" NumEvents="1501" CreationCount="1"/><InteractionEvent Delta="null" EndDate="2023-08-03 15:12:12.609 COT" Interest="19.0" Kind="selection" Navigation="null" OriginId="org.eclipse.jdt.ui.PackageExplorer" StartDate="2023-08-02 16:27:09.966 COT" StructureHandle="=RetroChat API Server/src&amp;lt;db{ManageUser.java[ManageUser~createUser~QUserLogin;" StructureKind="java" NumEvents="19" CreationCount="525"/><InteractionEvent Delta="null" EndDate="2023-08-03 15:01:15.262 COT" Interest="235.0" Kind="edit" Navigation="null" OriginId="org.eclipse.jdt.ui.CompilationUnitEditor" StartDate="2023-08-02 16:27:11.952 COT" StructureHandle="=RetroChat API Server/src&amp;lt;db{ManageUser.java[ManageUser~createUser~QUserLogin;" StructureKind="java" NumEvents="235" CreationCount="525"/><InteractionEvent Delta="null" EndDate="2023-08-05 16:42:59.561 COT" Interest="9.155001" Kind="manipulation" Navigation="null" OriginId="org.eclipse.mylyn.core.model.interest.decay.correction" StartDate="2023-08-05 16:42:59.561 COT" StructureHandle="/RetroChat Client Project/src/socket/ReadNetworkData.java" StructureKind="resource"/><InteractionEvent Delta="null" EndDate="2023-08-05 16:42:59.561 COT" Interest="4.0" Kind="propagation" Navigation="null" OriginId="org.eclipse.jdt.ui.PackageExplorer" StartDate="2023-08-05 15:40:31.344 COT" StructureHandle="/RetroChat Client Project/src/socket/ReadNetworkData.java" StructureKind="resource" NumEvents="4" CreationCount="1247"/><InteractionEvent Delta="null" EndDate="2023-08-05 16:43:38.125 COT" Interest="27.0" Kind="selection" Navigation="null" OriginId="org.eclipse.jdt.ui.CompilationUnitEditor" StartDate="2023-08-05 15:29:49.484 COT" StructureHandle="=RetroChat Client Project/src&amp;lt;gui{LoginFrame.java" StructureKind="java" NumEvents="27" CreationCount="1351"/><InteractionEvent Delta="null" EndDate="2023-08-05 16:22:27.556 COT" Interest="2.1519985" Kind="propagation" Navigation="org.eclipse.mylyn.core.model.edges.containment" OriginId="org.eclipse.mylyn.core.model.interest.propagation" StartDate="2023-08-05 16:22:23.119 COT" StructureHandle="=RetroChat Client Project/src&amp;lt;gui{LoginFrame.java" StructureKind="java" NumEvents="4" CreationCount="1351"/><InteractionEvent Delta="null" EndDate="2023-08-05 16:07:49.984 COT" Interest="2.0" Kind="edit" Navigation="null" OriginId="org.eclipse.jdt.ui.CompilationUnitEditor" StartDate="2023-08-05 16:04:24.906 COT" StructureHandle="=RetroChat Client Project/src&amp;lt;gui{LoginFrame.java" StructureKind="java" NumEvents="2" CreationCount="1351"/><InteractionEvent Delta="null" EndDate="2023-08-02 16:26:48.911 COT" Interest="1.0" Kind="selection" Navigation="null" OriginId="org.eclipse.jdt.ui.CompilationUnitEditor" StartDate="2023-08-02 16:26:48.911 COT" StructureHandle="=RetroChat API Server/src&amp;lt;db{ManageUser.java[ManageUser~ManageUser" StructureKind="java"/><InteractionEvent Delta="null" EndDate="2023-08-02 16:26:53.358 COT" Interest="1.0" Kind="edit" Navigation="null" OriginId="org.eclipse.jdt.ui.CompilationUnitEditor" StartDate="2023-08-02 16:26:53.358 COT" StructureHandle="=RetroChat API Server/src&amp;lt;db{ManageUser.java[ManageUser~ManageUser" StructureKind="java"/><InteractionEvent Delta="null" EndDate="2023-08-05 16:26:47.289 COT" Interest="66.0" Kind="propagation" Navigation="null" OriginId="org.eclipse.jdt.ui.PackageExplorer" StartDate="2023-08-05 16:09:42.1 COT" StructureHandle="/RetroChat Client Project/src/gui/RegisterUser.java" StructureKind="resource" NumEvents="66" CreationCount="1470"/><InteractionEvent Delta="null" EndDate="2023-08-02 16:34:34.324 COT" Interest="11.333" Kind="propagation" Navigation="org.eclipse.mylyn.core.model.edges.containment" OriginId="org.eclipse.mylyn.core.model.interest.propagation" StartDate="2023-08-02 15:13:15.394 COT" StructureHandle="=RetroChat API Server/src&amp;lt;db{DatabaseConnection.java#" StructureKind="java" NumEvents="5" CreationCount="80"/><InteractionEvent Delta="null" EndDate="2023-08-05 16:33:40.112 COT" Interest="1.0" Kind="selection" Navigation="null" OriginId="org.eclipse.jdt.ui.CompilationUnitEditor" StartDate="2023-08-05 16:33:40.112 COT" StructureHandle="=RetroChat Client Project/src&amp;lt;gui{RegisterUserPanel.java[RegisterUserPanel^passwordField" StructureKind="java"/><InteractionEvent Delta="null" EndDate="2023-08-05 16:33:40.777 COT" Interest="1.0" Kind="edit" Navigation="null" OriginId="org.eclipse.jdt.ui.CompilationUnitEditor" StartDate="2023-08-05 16:33:40.777 COT" StructureHandle="=RetroChat Client Project/src&amp;lt;gui{RegisterUserPanel.java[RegisterUserPanel^passwordField" StructureKind="java"/><InteractionEvent Delta="null" EndDate="2023-08-05 15:28:07.598 COT" Interest="10.0" Kind="selection" Navigation="null" OriginId="org.eclipse.jdt.ui.CompilationUnitEditor" StartDate="2023-08-02 14:47:52.581 COT" StructureHandle="=RetroChat API Server/src&amp;lt;run{Start.java[Start" StructureKind="java" NumEvents="10" CreationCount="1"/><InteractionEvent Delta="null" EndDate="2023-08-05 15:28:36.233 COT" Interest="21.705004" Kind="propagation" Navigation="org.eclipse.mylyn.core.model.edges.containment" OriginId="org.eclipse.mylyn.core.model.interest.propagation" StartDate="2023-08-02 14:47:51.294 COT" StructureHandle="=RetroChat API Server/src&amp;lt;run{Start.java[Start" StructureKind="java" NumEvents="19" CreationCount="1"/><InteractionEvent Delta="null" EndDate="2023-08-02 14:51:47.381 COT" Interest="2.0" Kind="edit" Navigation="null" OriginId="org.eclipse.jdt.ui.CompilationUnitEditor" StartDate="2023-08-02 14:48:00.272 COT" StructureHandle="=RetroChat API Server/src&amp;lt;run{Start.java[Start" StructureKind="java" NumEvents="2" CreationCount="1"/><InteractionEvent Delta="null" EndDate="2023-08-02 16:25:37.190 COT" Interest="3.0" Kind="selection" Navigation="null" OriginId="org.eclipse.jdt.ui.CompilationUnitEditor" StartDate="2023-08-02 16:24:48.279 COT" StructureHandle="=RetroChat API Server/src&amp;lt;db{CreateUser.java[CreateUser~CreateUser" StructureKind="java" NumEvents="3" CreationCount="486"/><InteractionEvent Delta="null" EndDate="2023-08-02 16:25:25.688 COT" Interest="5.0" Kind="edit" Navigation="null" OriginId="org.eclipse.jdt.ui.CompilationUnitEditor" StartDate="2023-08-02 16:24:50.201 COT" StructureHandle="=RetroChat API Server/src&amp;lt;db{CreateUser.java[CreateUser~CreateUser" StructureKind="java" NumEvents="5" CreationCount="486"/><InteractionEvent Delta="null" EndDate="2023-08-05 16:20:17.121 COT" Interest="8.0" Kind="selection" Navigation="null" OriginId="org.eclipse.jdt.ui.CompilationUnitEditor" StartDate="2023-08-05 16:17:16.990 COT" StructureHandle="=RetroChat Client Project/src&amp;lt;gui{manageUserUI.java[manageUserUI~setWindowFather~QJFrame;" StructureKind="java" NumEvents="8" CreationCount="1589"/><InteractionEvent Delta="null" EndDate="2023-08-05 16:20:20.748 COT" Interest="8.0" Kind="edit" Navigation="null" OriginId="org.eclipse.jdt.ui.CompilationUnitEditor" StartDate="2023-08-05 16:17:26.220 COT" StructureHandle="=RetroChat Client Project/src&amp;lt;gui{manageUserUI.java[manageUserUI~setWindowFather~QJFrame;" StructureKind="java" NumEvents="8" CreationCount="1589"/><InteractionEvent Delta="null" EndDate="2023-08-05 15:58:53.399 COT" Interest="10.0" Kind="propagation" Navigation="null" OriginId="org.eclipse.jdt.ui.CompilationUnitEditor" StartDate="2023-08-05 15:58:29.362 COT" StructureHandle="/RetroChat API Server/src/run/PasswordHashingUtil.java" StructureKind="resource" NumEvents="10" CreationCount="1369"/><InteractionEvent Delta="null" EndDate="2023-08-05 16:32:02.670 COT" Interest="2.0" Kind="selection" Navigation="null" OriginId="org.eclipse.jdt.ui.CompilationUnitEditor" StartDate="2023-08-05 16:32:01.395 COT" StructureHandle="=RetroChat Client Project/src&amp;lt;gui{RegisterUserPanel.java[RegisterUserPanel^confirmButton" StructureKind="java" NumEvents="2" CreationCount="1828"/><InteractionEvent Delta="null" EndDate="2023-08-05 16:39:04.906 COT" Interest="1.0" Kind="selection" Navigation="null" OriginId="org.eclipse.jdt.ui.CompilationUnitEditor" StartDate="2023-08-05 16:39:04.906 COT" StructureHandle="=RetroChat Client Project/src&amp;lt;app{ManageLoginData.java#java.security.MessageDigest" StructureKind="java"/><InteractionEvent Delta="null" EndDate="2023-08-05 15:29:27.499 COT" Interest="1320.0" Kind="propagation" Navigation="null" OriginId="org.eclipse.jdt.ui.CompilationUnitEditor" StartDate="2023-08-02 15:06:56.436 COT" StructureHandle="/RetroChat API Server/src/db" StructureKind="resource" NumEvents="1320" CreationCount="61"/><InteractionEvent Delta="null" EndDate="2023-08-05 15:03:09.514 COT" Interest="425.0" Kind="propagation" Navigation="null" OriginId="org.eclipse.jdt.ui.CompilationUnitEditor" StartDate="2023-08-02 15:07:24.522 COT" StructureHandle="/RetroChat API Server/src/db/DatabaseConnection.java" StructureKind="resource" NumEvents="425" CreationCount="61"/><InteractionEvent Delta="null" EndDate="2023-08-05 15:59:37.851 COT" Interest="1523.0" Kind="propagation" Navigation="null" OriginId="org.eclipse.jdt.ui.PackageExplorer" StartDate="2023-08-02 14:47:51.295 COT" StructureHandle="/RetroChat API Server/src" StructureKind="resource" NumEvents="1523" CreationCount="1"/><InteractionEvent Delta="null" EndDate="2023-08-05 15:52:11.350 COT" Interest="1.0" Kind="propagation" Navigation="null" OriginId="org.eclipse.jdt.ui.PackageExplorer" StartDate="2023-08-05 15:52:11.350 COT" StructureHandle="/RetroChat API Server/src/run/runServer.java" StructureKind="resource"/><InteractionEvent Delta="null" EndDate="2023-08-05 16:27:59.123 COT" Interest="3.0" Kind="selection" Navigation="null" OriginId="org.eclipse.jdt.ui.CompilationUnitEditor" StartDate="2023-08-05 16:27:34.365 COT" StructureHandle="=RetroChat Client Project/src&amp;lt;gui{RegisterUserPanel.java[RegisterUserPanel" StructureKind="java" NumEvents="3" CreationCount="1776"/><InteractionEvent Delta="null" EndDate="2023-08-05 16:43:26.246 COT" Interest="60.102997" Kind="propagation" Navigation="org.eclipse.mylyn.core.model.edges.containment" OriginId="org.eclipse.mylyn.core.model.interest.propagation" StartDate="2023-08-05 16:27:10.915 COT" StructureHandle="=RetroChat Client Project/src&amp;lt;gui{RegisterUserPanel.java[RegisterUserPanel" StructureKind="java" NumEvents="86" CreationCount="1776"/><InteractionEvent Delta="null" EndDate="2023-08-05 16:27:59.779 COT" Interest="1.0" Kind="edit" Navigation="null" OriginId="org.eclipse.jdt.ui.CompilationUnitEditor" StartDate="2023-08-05 16:27:59.779 COT" StructureHandle="=RetroChat Client Project/src&amp;lt;gui{RegisterUserPanel.java[RegisterUserPanel" StructureKind="java"/><InteractionEvent Delta="null" EndDate="2023-08-05 16:38:39.34 COT" Interest="1.0" Kind="selection" Navigation="null" OriginId="org.eclipse.jdt.ui.CompilationUnitEditor" StartDate="2023-08-05 16:38:39.34 COT" StructureHandle="=RetroChat Client Project/src&amp;lt;app{ManageLoginData.java[ManageLoginData~hashPassword~QString;" StructureKind="java"/><InteractionEvent Delta="null" EndDate="2023-08-05 16:38:40.14 COT" Interest="1.0" Kind="edit" Navigation="null" OriginId="org.eclipse.jdt.ui.CompilationUnitEditor" StartDate="2023-08-05 16:38:40.14 COT" StructureHandle="=RetroChat Client Project/src&amp;lt;app{ManageLoginData.java[ManageLoginData~hashPassword~QString;" StructureKind="java"/><InteractionEvent Delta="null" EndDate="2023-08-05 16:27:23.751 COT" Interest="111.0" Kind="propagation" Navigation="null" OriginId="org.eclipse.jdt.ui.CompilationUnitEditor" StartDate="2023-08-05 16:08:06.886 COT" StructureHandle="/RetroChat Client Project/src/gui/LoginPanel.java" StructureKind="resource" NumEvents="111" CreationCount="1447"/><InteractionEvent Delta="null" EndDate="2023-08-02 16:31:30.145 COT" Interest="3.0" Kind="selection" Navigation="null" OriginId="org.eclipse.jdt.ui.CompilationUnitEditor" StartDate="2023-08-02 16:29:08.128 COT" StructureHandle="=RetroChat API Server/src&amp;lt;users{UserLogin.java[UserLogin" StructureKind="java" NumEvents="3" CreationCount="549"/><InteractionEvent Delta="null" EndDate="2023-08-03 15:25:41.840 COT" Interest="14.357001" Kind="propagation" Navigation="org.eclipse.mylyn.core.model.edges.containment" OriginId="org.eclipse.mylyn.core.model.interest.propagation" StartDate="2023-08-02 16:31:25.172 COT" StructureHandle="=RetroChat API Server/src&amp;lt;users{UserLogin.java[UserLogin" StructureKind="java" NumEvents="19" CreationCount="549"/><InteractionEvent Delta="null" EndDate="2023-08-02 16:31:40.472 COT" Interest="18.0" Kind="edit" Navigation="null" OriginId="org.eclipse.jdt.ui.CompilationUnitEditor" StartDate="2023-08-02 16:29:09.187 COT" StructureHandle="=RetroChat API Server/src&amp;lt;users{UserLogin.java[UserLogin" StructureKind="java" NumEvents="18" CreationCount="549"/><InteractionEvent Delta="null" EndDate="2023-08-03 15:25:41.841 COT" Interest="109.0" Kind="propagation" Navigation="null" OriginId="org.eclipse.jdt.ui.CompilationUnitEditor" StartDate="2023-08-02 16:19:28.129 COT" StructureHandle="/RetroChat API Server/src/users" StructureKind="resource" NumEvents="109" CreationCount="454"/><InteractionEvent Delta="null" EndDate="2023-08-02 16:25:48.312 COT" Interest="12.0" Kind="edit" Navigation="null" OriginId="org.eclipse.jdt.ui.CompilationUnitEditor" StartDate="2023-08-02 16:24:10.859 COT" StructureHandle="=RetroChat API Server/src&amp;lt;db{CreateUser.java[CreateUser" StructureKind="java" NumEvents="12" CreationCount="478"/><InteractionEvent Delta="null" EndDate="2023-08-05 16:38:54.182 COT" Interest="1.0" Kind="selection" Navigation="null" OriginId="org.eclipse.jdt.ui.CompilationUnitEditor" StartDate="2023-08-05 16:38:54.182 COT" StructureHandle="=RetroChat Client Project/src&amp;lt;app{ManageLoginData.java#java.nio.charset.StandardCharsets" StructureKind="java"/><InteractionEvent Delta="null" EndDate="2023-08-05 16:04:12.231 COT" Interest="1.7" Kind="propagation" Navigation="org.eclipse.mylyn.core.model.edges.containment" OriginId="org.eclipse.mylyn.core.model.interest.propagation" StartDate="2023-08-05 16:04:11.146 COT" StructureHandle="=RetroChat Client Project/src&amp;lt;gui{LoginFrame.java[LoginPanels~LoginPanels[!2" StructureKind="java" NumEvents="2" CreationCount="1403"/><InteractionEvent Delta="null" EndDate="2023-08-05 15:03:17.475 COT" Interest="2.0" Kind="selection" Navigation="null" OriginId="org.eclipse.jdt.ui.PackageExplorer" StartDate="2023-08-02 15:10:59.432 COT" StructureHandle="=RetroChat API Server" StructureKind="java" NumEvents="2" CreationCount="890"/><InteractionEvent Delta="null" EndDate="2023-08-05 15:59:37.850 COT" Interest="1504.887" Kind="propagation" Navigation="org.eclipse.mylyn.core.model.edges.containment" OriginId="org.eclipse.mylyn.core.model.interest.propagation" StartDate="2023-08-02 14:47:51.295 COT" StructureHandle="=RetroChat API Server" StructureKind="resource" NumEvents="1501" CreationCount="890"/><InteractionEvent Delta="null" EndDate="2023-08-05 16:26:38.872 COT" Interest="3.0" Kind="selection" Navigation="null" OriginId="org.eclipse.jdt.ui.CompilationUnitEditor" StartDate="2023-08-05 16:24:20.543 COT" StructureHandle="=RetroChat Client Project/src&amp;lt;gui{RegisterUser.java[RegisterUser~RegisterUser" StructureKind="java" NumEvents="3" CreationCount="1764"/><InteractionEvent Delta="null" EndDate="2023-08-02 15:06:52.722 COT" Interest="3.0" Kind="propagation" Navigation="null" OriginId="org.eclipse.jdt.ui.PackageExplorer" StartDate="2023-08-02 15:06:48.860 COT" StructureHandle="/RetroChat API Server/src/api/db" StructureKind="resource" NumEvents="3" CreationCount="57"/><InteractionEvent Delta="null" EndDate="2023-08-05 16:55:24.126 COT" Interest="89.017" Kind="propagation" Navigation="null" OriginId="org.eclipse.jdt.ui.CompilationUnitEditor" StartDate="2023-08-05 15:40:26.955 COT" StructureHandle="/RetroChat Client Project/src/socket" StructureKind="resource" NumEvents="91" CreationCount="1245"/><InteractionEvent Delta="null" EndDate="2023-08-02 15:06:10.110 COT" Interest="2.0" Kind="selection" Navigation="null" OriginId="org.eclipse.jdt.ui.PackageExplorer" StartDate="2023-08-02 14:48:22.359 COT" StructureHandle="=RetroChat API Server/src" StructureKind="java" NumEvents="2" CreationCount="1"/><InteractionEvent Delta="null" EndDate="2023-08-05 15:20:25.800 COT" Interest="209.014" Kind="propagation" Navigation="org.eclipse.mylyn.core.model.edges.containment" OriginId="org.eclipse.mylyn.core.model.interest.propagation" StartDate="2023-08-02 14:47:51.296 COT" StructureHandle="=RetroChat API Server/src" StructureKind="java" NumEvents="296" CreationCount="1"/><InteractionEvent Delta="null" EndDate="2023-08-05 15:12:33.775 COT" Interest="23.0" Kind="selection" Navigation="null" OriginId="org.eclipse.jdt.ui.PackageExplorer" StartDate="2023-08-03 15:02:43.625 COT" StructureHandle="=RetroChat API Server/src&amp;lt;db{ManageUser.java[ManageUser~setPasswordFromEmail~QString;~QString;" StructureKind="java" NumEvents="23" CreationCount="983"/><InteractionEvent Delta="null" EndDate="2023-08-05 15:13:38.430 COT" Interest="138.0" Kind="edit" Navigation="null" OriginId="org.eclipse.jdt.ui.CompilationUnitEditor" StartDate="2023-08-03 15:03:14.745 COT" StructureHandle="=RetroChat API Server/src&amp;lt;db{ManageUser.java[ManageUser~setPasswordFromEmail~QString;~QString;" StructureKind="java" NumEvents="138" CreationCount="983"/><InteractionEvent Delta="null" EndDate="2023-08-03 15:25:41.840 COT" Interest="82.0" Kind="propagation" Navigation="null" OriginId="org.eclipse.jdt.ui.CompilationUnitEditor" StartDate="2023-08-02 16:28:55.465 COT" StructureHandle="/RetroChat API Server/src/users/UserLogin.java" StructureKind="resource" NumEvents="82" CreationCount="537"/><InteractionEvent Delta="null" EndDate="2023-08-05 16:44:41.261 COT" Interest="129.0" Kind="propagation" Navigation="null" OriginId="org.eclipse.jdt.ui.CompilationUnitEditor" StartDate="2023-08-02 14:48:00.313 COT" StructureHandle="/RetroChat Client Project/src/run" StructureKind="resource" NumEvents="129" CreationCount="10"/><InteractionEvent Delta="null" EndDate="2023-08-02 18:58:24.813 COT" Interest="12.0" Kind="selection" Navigation="null" OriginId="org.eclipse.jdt.ui.CompilationUnitEditor" StartDate="2023-08-02 16:20:05.845 COT" StructureHandle="=RetroChat API Server/src&amp;lt;users{User.java" StructureKind="java" NumEvents="12" CreationCount="457"/><InteractionEvent Delta="null" EndDate="2023-08-02 16:19:43.554 COT" Interest="1.0" Kind="propagation" Navigation="null" OriginId="org.eclipse.mylyn.resources.ui.interest.updater" StartDate="2023-08-02 16:19:43.554 COT" StructureHandle="=RetroChat API Server/src&amp;lt;users{User.java" StructureKind="java"/><InteractionEvent Delta="null" EndDate="2023-08-05 15:28:48.226 COT" Interest="28.0" Kind="selection" Navigation="null" OriginId="org.eclipse.jdt.ui.CompilationUnitEditor" StartDate="2023-08-02 16:24:07.346 COT" StructureHandle="=RetroChat API Server/src&amp;lt;db{ManageUser.java" StructureKind="java" NumEvents="28" CreationCount="928"/><InteractionEvent Delta="null" EndDate="2023-08-05 14:57:19.167 COT" Interest="165.75" Kind="propagation" Navigation="org.eclipse.mylyn.core.model.edges.containment" OriginId="org.eclipse.mylyn.core.model.interest.propagation" StartDate="2023-08-02 16:24:07.234 COT" StructureHandle="=RetroChat API Server/src&amp;lt;db{ManageUser.java" StructureKind="java" NumEvents="238" CreationCount="475"/><InteractionEvent Delta="null" EndDate="2023-08-02 16:33:57.215 COT" Interest="1.0" Kind="edit" Navigation="null" OriginId="org.eclipse.jdt.ui.CompilationUnitEditor" StartDate="2023-08-02 16:33:57.215 COT" StructureHandle="=RetroChat API Server/src&amp;lt;db{ManageUser.java" StructureKind="java"/><InteractionEvent Delta="null" EndDate="2023-08-05 16:33:47.422 COT" Interest="2.0" Kind="selection" Navigation="null" OriginId="org.eclipse.jdt.ui.CompilationUnitEditor" StartDate="2023-08-05 16:33:42.762 COT" StructureHandle="=RetroChat Client Project/src&amp;lt;gui{RegisterUserPanel.java[RegisterUserPanel^passwordConfirmField" StructureKind="java" NumEvents="2" CreationCount="1844"/><InteractionEvent Delta="null" EndDate="2023-08-05 16:33:48.701 COT" Interest="3.0" Kind="edit" Navigation="null" OriginId="org.eclipse.jdt.ui.CompilationUnitEditor" StartDate="2023-08-05 16:33:43.951 COT" StructureHandle="=RetroChat Client Project/src&amp;lt;gui{RegisterUserPanel.java[RegisterUserPanel^passwordConfirmField" StructureKind="java" NumEvents="3" CreationCount="1844"/><InteractionEvent Delta="null" EndDate="2023-08-02 16:56:32.486 COT" Interest="2.0" Kind="selection" Navigation="null" OriginId="org.eclipse.jdt.ui.CompilationUnitEditor" StartDate="2023-08-02 16:56:31.557 COT" StructureHandle="=RetroChat API Server/src&amp;lt;users{UserLogin.java[UserLogin^name" StructureKind="java" NumEvents="2" CreationCount="742"/><InteractionEvent Delta="null" EndDate="2023-08-02 16:25:51.637 COT" Interest="6.0" Kind="selection" Navigation="null" OriginId="org.eclipse.jdt.ui.CompilationUnitEditor" StartDate="2023-08-02 16:24:09.847 COT" StructureHandle="=RetroChat API Server/src&amp;lt;db{CreateUser.java[manageUser" StructureKind="java" NumEvents="6" CreationCount="478"/><InteractionEvent Delta="null" EndDate="2023-08-02 15:48:30.708 COT" Interest="3.0" Kind="selection" Navigation="null" OriginId="org.eclipse.jdt.ui.CompilationUnitEditor" StartDate="2023-08-02 15:28:43.388 COT" StructureHandle="=RetroChat API Server/src&amp;lt;db{DatabaseConnection.java[DatabaseConnection^connection" StructureKind="java" NumEvents="3" CreationCount="252"/><InteractionEvent Delta="null" EndDate="2023-08-05 16:43:33.728 COT" Interest="16.0" Kind="selection" Navigation="null" OriginId="org.eclipse.jdt.ui.CompilationUnitEditor" StartDate="2023-08-05 15:59:43.3 COT" StructureHandle="=RetroChat Client Project/src&amp;lt;app{ManageLoginData.java" StructureKind="java" NumEvents="16" CreationCount="1379"/><InteractionEvent Delta="null" EndDate="2023-08-05 15:59:14.748 COT" Interest="1.0" Kind="propagation" Navigation="null" OriginId="org.eclipse.mylyn.resources.ui.interest.updater" StartDate="2023-08-05 15:59:14.748 COT" StructureHandle="=RetroChat Client Project/src&amp;lt;app{PasswordHashingUtil.java" StructureKind="java"/><InteractionEvent Delta="null" EndDate="2023-08-05 16:38:38.438 COT" Interest="5.0" Kind="edit" Navigation="null" OriginId="org.eclipse.jdt.ui.CompilationUnitEditor" StartDate="2023-08-05 15:59:50.142 COT" StructureHandle="=RetroChat Client Project/src&amp;lt;app{ManageLoginData.java" StructureKind="java" NumEvents="5" CreationCount="1379"/><InteractionEvent Delta="null" EndDate="2023-08-03 15:25:41.351 COT" Interest="9.0" Kind="selection" Navigation="null" OriginId="org.eclipse.jdt.ui.CompilationUnitEditor" StartDate="2023-08-02 16:28:55.575 COT" StructureHandle="=RetroChat API Server/src&amp;lt;users{UserLogin.java" StructureKind="java" NumEvents="9" CreationCount="537"/><InteractionEvent Delta="null" EndDate="2023-08-03 15:25:41.840 COT" Interest="21.161001" Kind="propagation" Navigation="org.eclipse.mylyn.core.model.edges.containment" OriginId="org.eclipse.mylyn.core.model.interest.propagation" StartDate="2023-08-02 16:28:55.464 COT" StructureHandle="=RetroChat API Server/src&amp;lt;users{UserLogin.java" StructureKind="java" NumEvents="31" CreationCount="537"/><InteractionEvent Delta="null" EndDate="2023-08-05 15:29:27.497 COT" Interest="11.0" Kind="edit" Navigation="null" OriginId="org.eclipse.jdt.ui.CompilationUnitEditor" StartDate="2023-08-05 15:29:05.969 COT" StructureHandle="=RetroChat API Server/src&amp;lt;db{ManageUser.java[ManageUser~getUserLoginFromEmail~QString;" StructureKind="java" NumEvents="11" CreationCount="1335"/><InteractionEvent Delta="null" EndDate="2023-08-02 16:19:31.59 COT" Interest="1.0" Kind="propagation" Navigation="null" OriginId="org.eclipse.jdt.ui.PackageExplorer" StartDate="2023-08-02 16:19:31.59 COT" StructureHandle="/RetroChat API Server/src/app/User.java" StructureKind="resource"/><InteractionEvent Delta="null" EndDate="2023-08-05 15:29:27.498 COT" Interest="857.0" Kind="propagation" Navigation="null" OriginId="org.eclipse.jdt.ui.CompilationUnitEditor" StartDate="2023-08-02 16:26:46.702 COT" StructureHandle="/RetroChat API Server/src/db/ManageUser.java" StructureKind="resource" NumEvents="857" CreationCount="516"/><InteractionEvent Delta="null" EndDate="2023-08-05 16:19:26.596 COT" Interest="4.0" Kind="selection" Navigation="null" OriginId="org.eclipse.jdt.ui.CompilationUnitEditor" StartDate="2023-08-05 16:05:29.876 COT" StructureHandle="=RetroChat Client Project/src&amp;lt;gui{LoginFrame.java[LoginFrame" StructureKind="java" NumEvents="4" CreationCount="1177"/><InteractionEvent Delta="null" EndDate="2023-08-05 16:23:15.591 COT" Interest="26.81" Kind="propagation" Navigation="org.eclipse.mylyn.core.model.edges.containment" OriginId="org.eclipse.mylyn.core.model.interest.propagation" StartDate="2023-08-05 15:29:54.183 COT" StructureHandle="=RetroChat Client Project/src&amp;lt;gui{LoginFrame.java[LoginFrame" StructureKind="java" NumEvents="33" CreationCount="1177"/><InteractionEvent Delta="null" EndDate="2023-08-05 16:05:48.193 COT" Interest="1.0" Kind="edit" Navigation="null" OriginId="org.eclipse.jdt.ui.CompilationUnitEditor" StartDate="2023-08-05 16:05:48.193 COT" StructureHandle="=RetroChat Client Project/src&amp;lt;gui{LoginFrame.java[LoginFrame" StructureKind="java"/><InteractionEvent Delta="null" EndDate="2023-08-02 15:06:52.722 COT" Interest="3.0" Kind="propagation" Navigation="org.eclipse.mylyn.core.model.edges.containment" OriginId="org.eclipse.mylyn.core.model.interest.propagation" StartDate="2023-08-02 15:06:48.860 COT" StructureHandle="/RetroChat API Server/src/api" StructureKind="resource" NumEvents="3" CreationCount="57"/><InteractionEvent Delta="null" EndDate="2023-08-05 16:55:24.126 COT" Interest="793.0" Kind="propagation" Navigation="org.eclipse.mylyn.core.model.edges.containment" OriginId="org.eclipse.mylyn.core.model.interest.propagation" StartDate="2023-08-02 14:48:00.313 COT" StructureHandle="=RetroChat Client Project" StructureKind="resource" NumEvents="793" CreationCount="10"/><InteractionEvent Delta="null" EndDate="2023-08-05 16:23:15.591 COT" Interest="17.0" Kind="selection" Navigation="null" OriginId="org.eclipse.jdt.ui.CompilationUnitEditor" StartDate="2023-08-05 15:39:15.658 COT" StructureHandle="=RetroChat Client Project/src&amp;lt;gui{LoginFrame.java[LoginFrame~open" StructureKind="java" NumEvents="17" CreationCount="1234"/><InteractionEvent Delta="null" EndDate="2023-08-05 15:48:02.77 COT" Interest="0.24100006" Kind="manipulation" Navigation="null" OriginId="org.eclipse.mylyn.core.model.interest.decay.correction" StartDate="2023-08-05 15:48:02.77 COT" StructureHandle="=RetroChat Client Project/src&amp;lt;gui{LoginFrame.java[LoginFrame~open" StructureKind="java"/><InteractionEvent Delta="null" EndDate="2023-08-05 16:22:27.556 COT" Interest="19.0" Kind="edit" Navigation="null" OriginId="org.eclipse.jdt.ui.CompilationUnitEditor" StartDate="2023-08-05 15:58:05.302 COT" StructureHandle="=RetroChat Client Project/src&amp;lt;gui{LoginFrame.java[LoginFrame~open" StructureKind="java" NumEvents="19" CreationCount="1234"/><InteractionEvent Delta="null" EndDate="2023-08-05 16:27:11.928 COT" Interest="25.0" Kind="selection" Navigation="null" OriginId="org.eclipse.jdt.ui.CompilationUnitEditor" StartDate="2023-08-05 16:08:06.984 COT" StructureHandle="=RetroChat Client Project/src&amp;lt;gui{LoginPanel.java" StructureKind="java" NumEvents="25" CreationCount="1447"/><InteractionEvent Delta="null" EndDate="2023-08-05 16:22:31.557 COT" Interest="9.895001" Kind="propagation" Navigation="org.eclipse.mylyn.core.model.edges.containment" OriginId="org.eclipse.mylyn.core.model.interest.propagation" StartDate="2023-08-05 16:08:06.886 COT" StructureHandle="=RetroChat Client Project/src&amp;lt;gui{LoginPanel.java" StructureKind="java" NumEvents="15" CreationCount="1447"/><InteractionEvent Delta="null" EndDate="2023-08-05 16:08:11.487 COT" Interest="2.0" Kind="edit" Navigation="null" OriginId="org.eclipse.jdt.ui.CompilationUnitEditor" StartDate="2023-08-05 16:08:10.114 COT" StructureHandle="=RetroChat Client Project/src&amp;lt;gui{LoginPanel.java" StructureKind="java" NumEvents="2" CreationCount="1447"/><InteractionEvent Delta="null" EndDate="2023-08-02 16:21:15.890 COT" Interest="1.0" Kind="propagation" Navigation="null" OriginId="org.eclipse.mylyn.resources.ui.interest.updater" StartDate="2023-08-02 16:21:15.890 COT" StructureHandle="/RetroChat Client Project/files/serverData/config.server" StructureKind="resource"/><InteractionEvent Delta="null" EndDate="2023-08-02 16:17:19.27 COT" Interest="5.4630003" Kind="manipulation" Navigation="null" OriginId="org.eclipse.mylyn.core.model.interest.decay.correction" StartDate="2023-08-02 16:17:19.27 COT" StructureHandle="/RetroChat API Server/src/app" StructureKind="resource"/><InteractionEvent Delta="null" EndDate="2023-08-02 16:19:31.59 COT" Interest="5.0" Kind="propagation" Navigation="null" OriginId="org.eclipse.jdt.ui.PackageExplorer" StartDate="2023-08-02 14:48:27.632 COT" StructureHandle="/RetroChat API Server/src/app" StructureKind="resource" NumEvents="5" CreationCount="15"/><InteractionEvent Delta="null" EndDate="2023-08-05 16:24:46.788 COT" Interest="1.0" Kind="selection" Navigation="null" OriginId="org.eclipse.jdt.ui.CompilationUnitEditor" StartDate="2023-08-05 16:24:46.788 COT" StructureHandle="=RetroChat Client Project/src&amp;lt;gui{RegisterUser.java#javax.swing.JPanel" StructureKind="java"/><InteractionEvent Delta="null" EndDate="2023-08-05 16:18:20.136 COT" Interest="7.0" Kind="selection" Navigation="null" OriginId="org.eclipse.jdt.ui.CompilationUnitEditor" StartDate="2023-08-05 16:00:36.325 COT" StructureHandle="=RetroChat Client Project/src&amp;lt;app{UserLogin.java" StructureKind="java" NumEvents="7" CreationCount="0"/><InteractionEvent Delta="null" EndDate="2023-08-05 16:00:36.325 COT" Interest="22.528002" Kind="manipulation" Navigation="null" OriginId="org.eclipse.mylyn.core.model.interest.decay.correction" StartDate="2023-08-05 16:00:36.325 COT" StructureHandle="=RetroChat Client Project/src&amp;lt;app{UserLogin.java" StructureKind="java"/><InteractionEvent Delta="null" EndDate="2023-08-02 16:32:41.580 COT" Interest="1.0" Kind="propagation" Navigation="null" OriginId="org.eclipse.mylyn.resources.ui.interest.updater" StartDate="2023-08-02 16:32:41.580 COT" StructureHandle="=RetroChat Client Project/src&amp;lt;app{UserLogin.java" StructureKind="java"/><InteractionEvent Delta="null" EndDate="2023-08-05 16:20:37.513 COT" Interest="66.0" Kind="propagation" Navigation="null" OriginId="org.eclipse.jdt.ui.CompilationUnitEditor" StartDate="2023-08-05 16:16:07.802 COT" StructureHandle="/RetroChat Client Project/src/gui/manageUserUI.java" StructureKind="resource" NumEvents="66" CreationCount="1564"/><InteractionEvent Delta="null" EndDate="2023-08-05 16:27:23.751 COT" Interest="15.0" Kind="selection" Navigation="null" OriginId="org.eclipse.jdt.ui.CompilationUnitEditor" StartDate="2023-08-05 16:08:35.247 COT" StructureHandle="=RetroChat Client Project/src&amp;lt;gui{LoginPanel.java[LoginPanel" StructureKind="java" NumEvents="15" CreationCount="1463"/><InteractionEvent Delta="null" EndDate="2023-08-05 16:14:29.502 COT" Interest="9.223" Kind="propagation" Navigation="org.eclipse.mylyn.core.model.edges.containment" OriginId="org.eclipse.mylyn.core.model.interest.propagation" StartDate="2023-08-05 16:08:41.15 COT" StructureHandle="=RetroChat Client Project/src&amp;lt;gui{LoginPanel.java[LoginPanel" StructureKind="java" NumEvents="14" CreationCount="1463"/><InteractionEvent Delta="null" EndDate="2023-08-05 16:22:00.78 COT" Interest="14.0" Kind="edit" Navigation="null" OriginId="org.eclipse.jdt.ui.CompilationUnitEditor" StartDate="2023-08-05 16:08:38.249 COT" StructureHandle="=RetroChat Client Project/src&amp;lt;gui{LoginPanel.java[LoginPanel" StructureKind="java" NumEvents="14" CreationCount="1463"/><InteractionEvent Delta="null" EndDate="2023-08-05 16:43:33.730 COT" Interest="61.209" Kind="propagation" Navigation="null" OriginId="org.eclipse.jdt.ui.CompilationUnitEditor" StartDate="2023-08-02 16:32:38.396 COT" StructureHandle="/RetroChat Client Project/src/app" StructureKind="resource" NumEvents="50" CreationCount="602"/><InteractionEvent Delta="null" EndDate="2023-08-05 16:43:33.728 COT" Interest="23.0" Kind="propagation" Navigation="null" OriginId="org.eclipse.jdt.ui.CompilationUnitEditor" StartDate="2023-08-05 16:37:13.370 COT" StructureHandle="/RetroChat Client Project/src/app/ManageLoginData.java" StructureKind="resource" NumEvents="23" CreationCount="1899"/><InteractionEvent Delta="null" EndDate="2023-08-05 15:58:53.399 COT" Interest="76.0" Kind="propagation" Navigation="null" OriginId="org.eclipse.jdt.ui.CompilationUnitEditor" StartDate="2023-08-02 14:47:51.295 COT" StructureHandle="/RetroChat API Server/src/run" StructureKind="resource" NumEvents="76" CreationCount="1"/><InteractionEvent Delta="null" EndDate="2023-08-05 16:39:32.288 COT" Interest="24.0" Kind="selection" Navigation="null" OriginId="org.eclipse.jdt.ui.CompilationUnitEditor" StartDate="2023-08-05 16:09:42.100 COT" StructureHandle="=RetroChat Client Project/src&amp;lt;gui{RegisterUserPanel.java" StructureKind="java" NumEvents="24" CreationCount="1470"/><InteractionEvent Delta="null" EndDate="2023-08-05 16:43:26.246 COT" Interest="43.605" Kind="propagation" Navigation="org.eclipse.mylyn.core.model.edges.containment" OriginId="org.eclipse.mylyn.core.model.interest.propagation" StartDate="2023-08-05 16:09:42.1 COT" StructureHandle="=RetroChat Client Project/src&amp;lt;gui{RegisterUserPanel.java" StructureKind="java" NumEvents="64" CreationCount="1470"/><InteractionEvent Delta="null" EndDate="2023-08-05 16:24:48.970 COT" Interest="2.0" Kind="edit" Navigation="null" OriginId="org.eclipse.jdt.ui.CompilationUnitEditor" StartDate="2023-08-05 16:18:16.28 COT" StructureHandle="=RetroChat Client Project/src&amp;lt;gui{RegisterUser.java" StructureKind="java" NumEvents="2" CreationCount="1470"/><InteractionEvent Delta="null" EndDate="2023-08-02 16:29:01.414 COT" Interest="2.0" Kind="selection" Navigation="null" OriginId="org.eclipse.jdt.ui.CompilationUnitEditor" StartDate="2023-08-02 16:28:19.453 COT" StructureHandle="=RetroChat API Server/src&amp;lt;users{User.java[User~getEmail" StructureKind="java" NumEvents="2" CreationCount="536"/><InteractionEvent Delta="null" EndDate="2023-08-05 16:27:38.179 COT" Interest="1.0" Kind="selection" Navigation="null" OriginId="org.eclipse.jdt.ui.CompilationUnitEditor" StartDate="2023-08-05 16:27:38.179 COT" StructureHandle="=RetroChat Client Project/src&amp;lt;gui{RegisterUserPanel.java[RegisterUserPanel~RegisterUserPanel!2[~actionPerformed~QActionEvent;" StructureKind="java"/><InteractionEvent Delta="null" EndDate="2023-08-05 16:27:41.964 COT" Interest="2.0" Kind="edit" Navigation="null" OriginId="org.eclipse.jdt.ui.CompilationUnitEditor" StartDate="2023-08-05 16:27:39.132 COT" StructureHandle="=RetroChat Client Project/src&amp;lt;gui{RegisterUserPanel.java[RegisterUserPanel~RegisterUserPanel!2[~actionPerformed~QActionEvent;" StructureKind="java" NumEvents="2" CreationCount="1787"/><InteractionEvent Delta="null" EndDate="2023-08-02 16:33:51.61 COT" Interest="22.0" Kind="selection" Navigation="null" OriginId="org.eclipse.jdt.ui.CompilationUnitEditor" StartDate="2023-08-02 15:13:27.719 COT" StructureHandle="=RetroChat API Server/src&amp;lt;db{DatabaseConnection.java[DatabaseConnection~DatabaseConnection" StructureKind="java" NumEvents="22" CreationCount="86"/><InteractionEvent Delta="null" EndDate="2023-08-02 15:50:00.342 COT" Interest="60.0" Kind="edit" Navigation="null" OriginId="org.eclipse.jdt.ui.CompilationUnitEditor" StartDate="2023-08-02 15:13:28.530 COT" StructureHandle="=RetroChat API Server/src&amp;lt;db{DatabaseConnection.java[DatabaseConnection~DatabaseConnection" StructureKind="java" NumEvents="60" CreationCount="86"/><InteractionEvent Delta="null" EndDate="2023-08-02 16:56:23.129 COT" Interest="4.0" Kind="selection" Navigation="null" OriginId="org.eclipse.jdt.ui.CompilationUnitEditor" StartDate="2023-08-02 16:29:30.153 COT" StructureHandle="=RetroChat API Server/src&amp;lt;users{UserLogin.java[UserLogin^email" StructureKind="java" NumEvents="4" CreationCount="560"/><InteractionEvent Delta="null" EndDate="2023-08-02 16:56:23.129 COT" Interest="0.026000261" Kind="manipulation" Navigation="null" OriginId="org.eclipse.mylyn.core.model.interest.decay.correction" StartDate="2023-08-02 16:56:23.129 COT" StructureHandle="=RetroChat API Server/src&amp;lt;users{UserLogin.java[UserLogin^email" StructureKind="java"/><InteractionEvent Delta="null" EndDate="2023-08-02 16:56:26.319 COT" Interest="1.0" Kind="edit" Navigation="null" OriginId="org.eclipse.jdt.ui.CompilationUnitEditor" StartDate="2023-08-02 16:56:26.319 COT" StructureHandle="=RetroChat API Server/src&amp;lt;users{UserLogin.java[UserLogin^email" StructureKind="java"/><InteractionEvent Delta="null" EndDate="2023-08-05 16:23:04.251 COT" Interest="5.6070004" Kind="propagation" Navigation="org.eclipse.mylyn.core.model.edges.containment" OriginId="org.eclipse.mylyn.core.model.interest.propagation" StartDate="2023-08-05 16:08:44.126 COT" StructureHandle="=RetroChat Client Project/src&amp;lt;gui{LoginPanel.java[LoginPanel~LoginPanel[" StructureKind="java" NumEvents="3" CreationCount="1467"/><InteractionEvent Delta="null" EndDate="2023-08-05 16:44:37.225 COT" Interest="31.0" Kind="selection" Navigation="null" OriginId="org.eclipse.jdt.ui.CompilationUnitEditor" StartDate="2023-08-02 14:48:00.312 COT" StructureHandle="=RetroChat Client Project/src&amp;lt;run{Start.java[Start~main~\[QString;" StructureKind="java" NumEvents="31" CreationCount="182"/><InteractionEvent Delta="null" EndDate="2023-08-03 10:49:47.273 COT" Interest="4.4139996" Kind="manipulation" Navigation="null" OriginId="org.eclipse.mylyn.core.model.interest.decay.correction" StartDate="2023-08-03 10:49:47.273 COT" StructureHandle="=RetroChat Client Project/src&amp;lt;run{Start.java[Start~main~\[QString;" StructureKind="java"/><InteractionEvent Delta="null" EndDate="2023-08-05 16:44:41.260 COT" Interest="66.0" Kind="edit" Navigation="null" OriginId="org.eclipse.jdt.ui.CompilationUnitEditor" StartDate="2023-08-02 14:48:00.349 COT" StructureHandle="=RetroChat Client Project/src&amp;lt;run{Start.java[Start~main~\[QString;" StructureKind="java" NumEvents="66" CreationCount="182"/><InteractionEvent Delta="null" EndDate="2023-08-05 16:43:38.125 COT" Interest="537.023" Kind="propagation" Navigation="null" OriginId="org.eclipse.jdt.ui.CompilationUnitEditor" StartDate="2023-08-02 14:48:38.391 COT" StructureHandle="/RetroChat Client Project/src/gui" StructureKind="resource" NumEvents="520" CreationCount="232"/><InteractionEvent Delta="null" EndDate="2023-08-02 16:25:15.911 COT" Interest="1.0" Kind="selection" Navigation="null" OriginId="org.eclipse.jdt.ui.CompilationUnitEditor" StartDate="2023-08-02 16:25:15.911 COT" StructureHandle="=RetroChat API Server/src&amp;lt;db{CreateUser.java[CreateUser^db" StructureKind="java"/><InteractionEvent Delta="null" EndDate="2023-08-02 16:25:17.325 COT" Interest="1.0" Kind="edit" Navigation="null" OriginId="org.eclipse.jdt.ui.CompilationUnitEditor" StartDate="2023-08-02 16:25:17.325 COT" StructureHandle="=RetroChat API Server/src&amp;lt;db{CreateUser.java[CreateUser^db" StructureKind="java"/><InteractionEvent Delta="null" EndDate="2023-08-02 16:33:58.451 COT" Interest="4.0" Kind="propagation" Navigation="org.eclipse.mylyn.core.model.edges.containment" OriginId="org.eclipse.mylyn.core.model.interest.propagation" StartDate="2023-08-02 16:33:44.266 COT" StructureHandle="=RetroChat API Server/src&amp;lt;db{ManageUser.java#" StructureKind="java" NumEvents="4" CreationCount="626"/><InteractionEvent Delta="null" EndDate="2023-08-02 16:28:33.281 COT" Interest="3.0" Kind="selection" Navigation="null" OriginId="org.eclipse.jdt.ui.PackageExplorer" StartDate="2023-08-02 16:19:28.215 COT" StructureHandle="=RetroChat API Server/src&amp;lt;users" StructureKind="java" NumEvents="3" CreationCount="454"/><InteractionEvent Delta="null" EndDate="2023-08-03 15:25:41.841 COT" Interest="28.572" Kind="propagation" Navigation="org.eclipse.mylyn.core.model.edges.containment" OriginId="org.eclipse.mylyn.core.model.interest.propagation" StartDate="2023-08-02 16:19:28.129 COT" StructureHandle="=RetroChat API Server/src&amp;lt;users" StructureKind="java" NumEvents="43" CreationCount="454"/><InteractionEvent Delta="null" EndDate="2023-08-05 16:23:35.546 COT" Interest="13.514" Kind="propagation" Navigation="org.eclipse.mylyn.core.model.edges.containment" OriginId="org.eclipse.mylyn.core.model.interest.propagation" StartDate="2023-08-05 16:23:05.234 COT" StructureHandle="=RetroChat Client Project/src&amp;lt;gui{LoginPanel.java[LoginPanel~LoginPanel[!2" StructureKind="java" NumEvents="6" CreationCount="1740"/><InteractionEvent Delta="null" EndDate="2023-08-05 16:39:26.874 COT" Interest="8.534" Kind="propagation" Navigation="org.eclipse.mylyn.core.model.edges.containment" OriginId="org.eclipse.mylyn.core.model.interest.propagation" StartDate="2023-08-05 16:38:39.34 COT" StructureHandle="=RetroChat Client Project/src&amp;lt;app{ManageLoginData.java[ManageLoginData" StructureKind="java" NumEvents="11" CreationCount="1902"/><InteractionEvent Delta="null" EndDate="2023-08-05 15:51:06.207 COT" Interest="1.0" Kind="selection" Navigation="null" OriginId="org.eclipse.jdt.ui.CompilationUnitEditor" StartDate="2023-08-05 15:51:06.207 COT" StructureHandle="=RetroChat API Server/src&amp;lt;run{run.java[run~main~\[QString;" StructureKind="java"/><InteractionEvent Delta="null" EndDate="2023-08-05 15:51:42.548 COT" Interest="2.0" Kind="edit" Navigation="null" OriginId="org.eclipse.jdt.ui.CompilationUnitEditor" StartDate="2023-08-05 15:51:32.16 COT" StructureHandle="=RetroChat API Server/src&amp;lt;run{run.java[run~main~\[QString;" StructureKind="java" NumEvents="2" CreationCount="1328"/><InteractionEvent Delta="null" EndDate="2023-08-05 16:09:59.690 COT" Interest="2.0" Kind="selection" Navigation="null" OriginId="org.eclipse.jdt.ui.CompilationUnitEditor" StartDate="2023-08-05 16:09:12.609 COT" StructureHandle="=RetroChat Client Project/src&amp;lt;gui{LoginPanel.java#" StructureKind="java" NumEvents="2" CreationCount="1470"/><InteractionEvent Delta="null" EndDate="2023-08-05 16:55:24.126 COT" Interest="793.0" Kind="propagation" Navigation="null" OriginId="org.eclipse.jdt.ui.CompilationUnitEditor" StartDate="2023-08-02 14:48:00.313 COT" StructureHandle="/RetroChat Client Project/src" StructureKind="resource" NumEvents="793" CreationCount="10"/><InteractionEvent Delta="null" EndDate="2023-08-05 16:09:03.97 COT" Interest="3.0" Kind="selection" Navigation="null" OriginId="org.eclipse.jdt.ui.PackageExplorer" StartDate="2023-08-02 14:48:38.390 COT" StructureHandle="=RetroChat Client Project/src&amp;lt;gui" StructureKind="java" NumEvents="3" CreationCount="275"/><InteractionEvent Delta="null" EndDate="2023-08-05 16:43:26.247 COT" Interest="86.32" Kind="propagation" Navigation="org.eclipse.mylyn.core.model.edges.containment" OriginId="org.eclipse.mylyn.core.model.interest.propagation" StartDate="2023-08-05 15:29:49.485 COT" StructureHandle="=RetroChat Client Project/src&amp;lt;gui" StructureKind="java" NumEvents="110" CreationCount="275"/><InteractionEvent Delta="null" EndDate="2023-08-05 16:44:41.261 COT" Interest="127.0" Kind="propagation" Navigation="null" OriginId="org.eclipse.jdt.ui.CompilationUnitEditor" StartDate="2023-08-02 14:48:00.313 COT" StructureHandle="/RetroChat Client Project/src/run/Start.java" StructureKind="resource" NumEvents="127" CreationCount="10"/><InteractionEvent Delta="null" EndDate="2023-08-02 16:32:38.396 COT" Interest="1.0" Kind="selection" Navigation="null" OriginId="org.eclipse.jdt.ui.PackageExplorer" StartDate="2023-08-02 16:32:38.396 COT" StructureHandle="=RetroChat Client Project/src&amp;lt;app" StructureKind="java"/><InteractionEvent Delta="null" EndDate="2023-08-05 16:43:33.730 COT" Interest="33.882004" Kind="propagation" Navigation="org.eclipse.mylyn.core.model.edges.containment" OriginId="org.eclipse.mylyn.core.model.interest.propagation" StartDate="2023-08-05 15:59:14.749 COT" StructureHandle="=RetroChat Client Project/src&amp;lt;app" StructureKind="java" NumEvents="27" CreationCount="533"/><InteractionEvent Delta="null" EndDate="2023-08-05 15:59:37.851 COT" Interest="247.0" Kind="propagation" Navigation="null" OriginId="org.eclipse.jdt.ui.PackageExplorer" StartDate="2023-08-03 10:49:15.749 COT" StructureHandle="/RetroChat API Server" StructureKind="resource" NumEvents="247" CreationCount="937"/><InteractionEvent Delta="null" EndDate="2023-08-02 16:19:29.378 COT" Interest="4.0" Kind="selection" Navigation="null" OriginId="org.eclipse.jdt.ui.PackageExplorer" StartDate="2023-08-02 14:48:27.632 COT" StructureHandle="=RetroChat API Server/src&amp;lt;app" StructureKind="java" NumEvents="4" CreationCount="7"/><InteractionEvent Delta="null" EndDate="2023-08-02 16:17:19.26 COT" Interest="5.5820003" Kind="manipulation" Navigation="null" OriginId="org.eclipse.mylyn.core.model.interest.decay.correction" StartDate="2023-08-02 16:17:19.26 COT" StructureHandle="=RetroChat API Server/src&amp;lt;app" StructureKind="java"/><InteractionEvent Delta="null" EndDate="2023-08-02 16:09:34.886 COT" Interest="7.0" Kind="selection" Navigation="null" OriginId="org.eclipse.jdt.ui.CompilationUnitEditor" StartDate="2023-08-02 15:20:17.756 COT" StructureHandle="=RetroChat API Server/src&amp;lt;db{DatabaseConnection.java[DatabaseConnection~connectToDB" StructureKind="java" NumEvents="7" CreationCount="195"/><InteractionEvent Delta="null" EndDate="2023-08-02 16:09:46.77 COT" Interest="39.0" Kind="edit" Navigation="null" OriginId="org.eclipse.jdt.ui.CompilationUnitEditor" StartDate="2023-08-02 15:20:21.297 COT" StructureHandle="=RetroChat API Server/src&amp;lt;db{DatabaseConnection.java[DatabaseConnection~connectToDB" StructureKind="java" NumEvents="39" CreationCount="195"/><InteractionEvent Delta="null" EndDate="2023-08-05 15:39:39.136 COT" Interest="3.0" Kind="selection" Navigation="null" OriginId="org.eclipse.jdt.ui.PackageExplorer" StartDate="2023-08-02 14:48:35.628 COT" StructureHandle="=RetroChat Client Project/src" StructureKind="java" NumEvents="3" CreationCount="274"/><InteractionEvent Delta="null" EndDate="2023-08-05 16:43:26.247 COT" Interest="86.337006" Kind="propagation" Navigation="org.eclipse.mylyn.core.model.edges.containment" OriginId="org.eclipse.mylyn.core.model.interest.propagation" StartDate="2023-08-02 14:48:00.314 COT" StructureHandle="=RetroChat Client Project/src" StructureKind="java" NumEvents="100" CreationCount="274"/><InteractionEvent Delta="null" EndDate="2023-08-05 15:28:51.500 COT" Interest="1.0" Kind="selection" Navigation="null" OriginId="org.eclipse.jdt.ui.CompilationUnitEditor" StartDate="2023-08-05 15:28:51.500 COT" StructureHandle="=RetroChat API Server/src&amp;lt;db{ManageUser.java[ManageUser~UserLogin~QString;" StructureKind="java"/><InteractionEvent Delta="null" EndDate="2023-08-05 16:20:36.68 COT" Interest="9.0" Kind="selection" Navigation="null" OriginId="org.eclipse.jdt.ui.CompilationUnitEditor" StartDate="2023-08-05 16:16:10.549 COT" StructureHandle="=RetroChat Client Project/src&amp;lt;gui{manageUserUI.java[manageUserUI" StructureKind="java" NumEvents="9" CreationCount="1567"/><InteractionEvent Delta="null" EndDate="2023-08-05 16:20:37.513 COT" Interest="23.0" Kind="edit" Navigation="null" OriginId="org.eclipse.jdt.ui.CompilationUnitEditor" StartDate="2023-08-05 16:16:14.714 COT" StructureHandle="=RetroChat Client Project/src&amp;lt;gui{manageUserUI.java[manageUserUI" StructureKind="java" NumEvents="23" CreationCount="1567"/><InteractionEvent Delta="null" EndDate="2023-08-05 15:03:09.110 COT" Interest="15.0" Kind="selection" Navigation="null" OriginId="org.eclipse.jdt.ui.CompilationUnitEditor" StartDate="2023-08-02 15:48:39.588 COT" StructureHandle="=RetroChat API Server/src&amp;lt;db{DatabaseConnection.java[DatabaseConnection^statement" StructureKind="java" NumEvents="15" CreationCount="306"/><InteractionEvent Delta="null" EndDate="2023-08-03 15:29:36.863 COT" Interest="3.552001" Kind="manipulation" Navigation="null" OriginId="org.eclipse.mylyn.core.model.interest.decay.correction" StartDate="2023-08-03 15:29:36.863 COT" StructureHandle="=RetroChat API Server/src&amp;lt;db{DatabaseConnection.java[DatabaseConnection^statement" StructureKind="java"/><InteractionEvent Delta="null" EndDate="2023-08-05 15:03:09.513 COT" Interest="3.0" Kind="edit" Navigation="null" OriginId="org.eclipse.jdt.ui.CompilationUnitEditor" StartDate="2023-08-02 15:49:21.736 COT" StructureHandle="=RetroChat API Server/src&amp;lt;db{DatabaseConnection.java[DatabaseConnection^statement" StructureKind="java" NumEvents="3" CreationCount="306"/><InteractionEvent Delta="null" EndDate="2023-08-02 15:06:48.860 COT" Interest="1.0" Kind="propagation" Navigation="null" OriginId="org.eclipse.mylyn.resources.ui.interest.updater" StartDate="2023-08-02 15:06:48.860 COT" StructureHandle="=RetroChat API Server/src&amp;lt;api" StructureKind="java"/><InteractionEvent Delta="null" EndDate="2023-08-02 16:30:51.897 COT" Interest="1.0" Kind="selection" Navigation="null" OriginId="org.eclipse.jdt.ui.CompilationUnitEditor" StartDate="2023-08-02 16:30:51.897 COT" StructureHandle="=RetroChat API Server/src&amp;lt;users{UserLogin.java[UserLogin~setPassword~QString;" StructureKind="java"/><InteractionEvent Delta="null" EndDate="2023-08-05 15:02:38.993 COT" Interest="20.0" Kind="selection" Navigation="null" OriginId="org.eclipse.ui.views.ContentOutline" StartDate="2023-08-02 18:46:13.392 COT" StructureHandle="=RetroChat API Server/src&amp;lt;db{ManageUser.java[ManageUser~getUserFromEmail~QString;" StructureKind="java" NumEvents="20" CreationCount="989"/><InteractionEvent Delta="null" EndDate="2023-08-05 15:02:34.242 COT" Interest="123.0" Kind="edit" Navigation="null" OriginId="org.eclipse.jdt.ui.CompilationUnitEditor" StartDate="2023-08-02 18:46:24.718 COT" StructureHandle="=RetroChat API Server/src&amp;lt;db{ManageUser.java[ManageUser~getUserFromEmail~QString;" StructureKind="java" NumEvents="123" CreationCount="989"/><InteractionEvent Delta="null" EndDate="2023-08-02 16:33:58.450 COT" Interest="4.0" Kind="selection" Navigation="null" OriginId="org.eclipse.jdt.ui.CompilationUnitEditor" StartDate="2023-08-02 16:33:44.266 COT" StructureHandle="=RetroChat API Server/src&amp;lt;db{ManageUser.java#java.sql.*" StructureKind="java" NumEvents="4" CreationCount="626"/><InteractionEvent Delta="null" EndDate="2023-08-05 16:39:07.558 COT" Interest="1.0" Kind="selection" Navigation="null" OriginId="org.eclipse.jdt.ui.CompilationUnitEditor" StartDate="2023-08-05 16:39:07.558 COT" StructureHandle="=RetroChat Client Project/src&amp;lt;app{ManageLoginData.java#java.util.regex.Pattern" StructureKind="java"/><InteractionEvent Delta="null" EndDate="2023-08-05 16:44:59.46 COT" Interest="13.0" Kind="selection" Navigation="null" OriginId="org.eclipse.jdt.ui.CompilationUnitEditor" StartDate="2023-08-05 15:40:28.841 COT" StructureHandle="=RetroChat Client Project/src&amp;lt;socket{ConnectToServer.java" StructureKind="java" NumEvents="13" CreationCount="1246"/><InteractionEvent Delta="null" EndDate="2023-08-05 15:53:11.0 COT" Interest="41.218998" Kind="propagation" Navigation="org.eclipse.mylyn.core.model.edges.containment" OriginId="org.eclipse.mylyn.core.model.interest.propagation" StartDate="2023-08-05 15:41:54.489 COT" StructureHandle="=RetroChat Client Project/src&amp;lt;socket{ConnectToServer.java" StructureKind="java" NumEvents="62" CreationCount="1246"/><InteractionEvent Delta="null" EndDate="2023-08-05 16:22:08.781 COT" Interest="7.0" Kind="selection" Navigation="null" OriginId="org.eclipse.jdt.ui.CompilationUnitEditor" StartDate="2023-08-05 15:29:54.183 COT" StructureHandle="=RetroChat Client Project/src&amp;lt;gui{LoginFrame.java[LoginFrame~LoginFrame~QManageUserJPanel;" StructureKind="java" NumEvents="7" CreationCount="1229"/><InteractionEvent Delta="null" EndDate="2023-08-05 16:06:28.700 COT" Interest="9.0" Kind="edit" Navigation="null" OriginId="org.eclipse.jdt.ui.CompilationUnitEditor" StartDate="2023-08-05 15:31:18.469 COT" StructureHandle="=RetroChat Client Project/src&amp;lt;gui{LoginFrame.java[LoginFrame~LoginFrame~QJPanel;" StructureKind="java" NumEvents="9" CreationCount="1229"/><InteractionEvent Delta="null" EndDate="2023-08-03 10:49:24.160 COT" Interest="8.0" Kind="selection" Navigation="null" OriginId="org.eclipse.jdt.ui.PackageExplorer" StartDate="2023-08-02 16:29:02.79 COT" StructureHandle="=RetroChat API Server/src&amp;lt;users{User.java[User" StructureKind="java" NumEvents="8" CreationCount="427"/><InteractionEvent Delta="null" EndDate="2023-08-02 18:58:19.379 COT" Interest="2.0270004" Kind="manipulation" Navigation="null" OriginId="org.eclipse.mylyn.core.model.interest.decay.correction" StartDate="2023-08-02 18:58:19.379 COT" StructureHandle="=RetroChat API Server/src&amp;lt;users{User.java[User" StructureKind="java"/><InteractionEvent Delta="null" EndDate="2023-08-02 16:29:01.414 COT" Interest="2.0" Kind="propagation" Navigation="org.eclipse.mylyn.core.model.edges.containment" OriginId="org.eclipse.mylyn.core.model.interest.propagation" StartDate="2023-08-02 16:28:19.453 COT" StructureHandle="=RetroChat API Server/src&amp;lt;users{User.java[User" StructureKind="java" NumEvents="2" CreationCount="536"/><InteractionEvent Delta="null" EndDate="2023-08-02 16:19:45.505 COT" Interest="1.0" Kind="selection" Navigation="null" OriginId="org.eclipse.jdt.ui.PackageExplorer" StartDate="2023-08-02 16:19:45.505 COT" StructureHandle="=RetroChat API Server/src&amp;lt;socket" StructureKind="java"/><InteractionEvent Delta="null" EndDate="2023-08-05 15:59:37.850 COT" Interest="10.098001" Kind="propagation" Navigation="org.eclipse.mylyn.core.model.edges.containment" OriginId="org.eclipse.mylyn.core.model.interest.propagation" StartDate="2023-08-02 16:19:43.554 COT" StructureHandle="=RetroChat API Server/src&amp;lt;socket" StructureKind="java" NumEvents="4" CreationCount="785"/><InteractionEvent Delta="null" EndDate="2023-08-05 16:20:23.637 COT" Interest="1.0" Kind="selection" Navigation="null" OriginId="org.eclipse.jdt.ui.CompilationUnitEditor" StartDate="2023-08-05 16:20:23.637 COT" StructureHandle="=RetroChat Client Project/src&amp;lt;gui{manageUserUI.java[manageUserUI^windowFather" StructureKind="java"/><InteractionEvent Delta="null" EndDate="2023-08-05 14:58:06.723 COT" Interest="10.0" Kind="selection" Navigation="null" OriginId="org.eclipse.jdt.ui.CompilationUnitEditor" StartDate="2023-08-02 18:37:19.858 COT" StructureHandle="=RetroChat API Server/src&amp;lt;db{ManageUser.java[ManageUser~isUser~QUser;" StructureKind="java" NumEvents="10" CreationCount="881"/><InteractionEvent Delta="null" EndDate="2023-08-03 15:04:19.498 COT" Interest="87.0" Kind="edit" Navigation="null" OriginId="org.eclipse.jdt.ui.CompilationUnitEditor" StartDate="2023-08-02 18:37:23.969 COT" StructureHandle="=RetroChat API Server/src&amp;lt;db{ManageUser.java[ManageUser~isUser~QUser;" StructureKind="java" NumEvents="87" CreationCount="881"/><InteractionEvent Delta="null" EndDate="2023-08-05 16:00:50.238 COT" Interest="1.0" Kind="selection" Navigation="null" OriginId="org.eclipse.jdt.ui.PackageExplorer" StartDate="2023-08-05 16:00:50.238 COT" StructureHandle="=RetroChat Client Project/src&amp;lt;app{User.java" StructureKind="java"/><InteractionEvent Delta="null" EndDate="2023-08-05 16:55:24.125 COT" Interest="85.0" Kind="propagation" Navigation="null" OriginId="org.eclipse.jdt.ui.CompilationUnitEditor" StartDate="2023-08-05 15:40:28.841 COT" StructureHandle="/RetroChat Client Project/src/socket/ConnectToServer.java" StructureKind="resource" NumEvents="85" CreationCount="1246"/><InteractionEvent Delta="null" EndDate="2023-08-03 18:19:46.496 COT" Interest="5.0" Kind="selection" Navigation="null" OriginId="org.eclipse.jdt.ui.PackageExplorer" StartDate="2023-08-02 15:06:48.980 COT" StructureHandle="=RetroChat API Server/src&amp;lt;db" StructureKind="java" NumEvents="5" CreationCount="57"/><InteractionEvent Delta="null" EndDate="2023-08-05 15:20:25.799 COT" Interest="205.062" Kind="propagation" Navigation="org.eclipse.mylyn.core.model.edges.containment" OriginId="org.eclipse.mylyn.core.model.interest.propagation" StartDate="2023-08-02 15:06:48.860 COT" StructureHandle="=RetroChat API Server/src&amp;lt;db" StructureKind="java" NumEvents="282" CreationCount="57"/><InteractionEvent Delta="null" EndDate="2023-08-05 16:45:23.465 COT" Interest="2.0" Kind="selection" Navigation="null" OriginId="org.eclipse.jdt.ui.PackageExplorer" StartDate="2023-08-05 15:40:26.954 COT" StructureHandle="=RetroChat Client Project/src&amp;lt;socket" StructureKind="java" NumEvents="2" CreationCount="1245"/><InteractionEvent Delta="null" EndDate="2023-08-05 16:44:59.46 COT" Interest="53.236" Kind="propagation" Navigation="org.eclipse.mylyn.core.model.edges.containment" OriginId="org.eclipse.mylyn.core.model.interest.propagation" StartDate="2023-08-05 15:40:28.841 COT" StructureHandle="=RetroChat Client Project/src&amp;lt;socket" StructureKind="java" NumEvents="77" CreationCount="1245"/><InteractionEvent Delta="null" EndDate="2023-08-02 16:19:56.513 COT" Interest="1.0" Kind="selection" Navigation="null" OriginId="org.eclipse.jdt.ui.CompilationUnitEditor" StartDate="2023-08-02 16:19:56.513 COT" StructureHandle="=RetroChat API Server/src&amp;lt;socket{ConnectToClient.java#" StructureKind="java"/><InteractionEvent Delta="null" EndDate="2023-08-02 16:19:54.612 COT" Interest="1.0" Kind="propagation" Navigation="org.eclipse.mylyn.core.model.edges.containment" OriginId="org.eclipse.mylyn.core.model.interest.propagation" StartDate="2023-08-02 16:19:54.612 COT" StructureHandle="=RetroChat API Server/src&amp;lt;socket{ConnectToClient.java#" StructureKind="java"/><InteractionEvent Delta="null" EndDate="2023-08-05 15:51:42.549 COT" Interest="5.0" Kind="propagation" Navigation="null" OriginId="org.eclipse.jdt.ui.CompilationUnitEditor" StartDate="2023-08-05 15:51:01.706 COT" StructureHandle="/RetroChat API Server/src/run/run.java" StructureKind="resource" NumEvents="5" CreationCount="1326"/><InteractionEvent Delta="null" EndDate="2023-08-05 15:52:11.350 COT" Interest="23.0" Kind="selection" Navigation="null" OriginId="org.eclipse.jdt.ui.PackageExplorer" StartDate="2023-08-02 14:47:51.888 COT" StructureHandle="=RetroChat API Server/src&amp;lt;run{runServer.java" StructureKind="java" NumEvents="23" CreationCount="1"/><InteractionEvent Delta="null" EndDate="2023-08-05 15:28:36.233 COT" Interest="13.405003" Kind="propagation" Navigation="org.eclipse.mylyn.core.model.edges.containment" OriginId="org.eclipse.mylyn.core.model.interest.propagation" StartDate="2023-08-02 14:47:51.295 COT" StructureHandle="=RetroChat API Server/src&amp;lt;run{Start.java" StructureKind="java" NumEvents="16" CreationCount="1"/><InteractionEvent Delta="null" EndDate="2023-08-05 15:26:11.211 COT" Interest="1.0" Kind="edit" Navigation="null" OriginId="org.eclipse.jdt.ui.CompilationUnitEditor" StartDate="2023-08-05 15:26:11.211 COT" StructureHandle="=RetroChat API Server/src&amp;lt;run{Start.java" StructureKind="java"/><InteractionEvent Delta="null" EndDate="2023-08-02 16:29:32.453 COT" Interest="1.0" Kind="selection" Navigation="null" OriginId="org.eclipse.jdt.ui.CompilationUnitEditor" StartDate="2023-08-02 16:29:32.453 COT" StructureHandle="=RetroChat API Server/src&amp;lt;users{UserLogin.java[UserLogin^password" StructureKind="java"/><InteractionEvent Delta="null" EndDate="2023-08-02 16:29:33.122 COT" Interest="1.0" Kind="edit" Navigation="null" OriginId="org.eclipse.jdt.ui.CompilationUnitEditor" StartDate="2023-08-02 16:29:33.122 COT" StructureHandle="=RetroChat API Server/src&amp;lt;users{UserLogin.java[UserLogin^password" StructureKind="java"/><InteractionEvent Delta="null" EndDate="2023-08-05 16:43:57.270 COT" Interest="3.0" Kind="selection" Navigation="null" OriginId="org.eclipse.jdt.ui.CompilationUnitEditor" StartDate="2023-08-05 15:57:46.720 COT" StructureHandle="=RetroChat Client Project/src&amp;lt;run{Start.java[Start^CONFIG_DIR" StructureKind="java" NumEvents="3" CreationCount="1365"/><InteractionEvent Delta="null" EndDate="2023-08-05 16:43:57.270 COT" Interest="8.285001" Kind="manipulation" Navigation="null" OriginId="org.eclipse.mylyn.core.model.interest.decay.correction" StartDate="2023-08-05 16:43:57.270 COT" StructureHandle="=RetroChat Client Project/src&amp;lt;run{Start.java[Start^CONFIG_DIR" StructureKind="java"/><InteractionEvent Delta="null" EndDate="2023-08-05 16:04:11.145 COT" Interest="1.0" Kind="selection" Navigation="null" OriginId="org.eclipse.jdt.ui.CompilationUnitEditor" StartDate="2023-08-05 16:04:11.145 COT" StructureHandle="=RetroChat Client Project/src&amp;lt;gui{LoginFrame.java[LoginPanels~LoginPanels[!2~actionPerformed~QActionEvent;" StructureKind="java"/><InteractionEvent Delta="null" EndDate="2023-08-05 16:04:12.231 COT" Interest="1.0" Kind="edit" Navigation="null" OriginId="org.eclipse.jdt.ui.CompilationUnitEditor" StartDate="2023-08-05 16:04:12.231 COT" StructureHandle="=RetroChat Client Project/src&amp;lt;gui{LoginFrame.java[LoginPanels~LoginPanels[!2~actionPerformed~QActionEvent;" StructureKind="java"/><InteractionEvent Delta="null" EndDate="2023-08-05 15:59:37.850 COT" Interest="10.691001" Kind="manipulation" Navigation="null" OriginId="org.eclipse.mylyn.core.model.interest.decay.correction" StartDate="2023-08-05 15:59:37.850 COT" StructureHandle="/RetroChat API Server/src/socket/ConnectToClient.java" StructureKind="resource"/><InteractionEvent Delta="null" EndDate="2023-08-05 15:59:37.850 COT" Interest="6.0" Kind="propagation" Navigation="null" OriginId="org.eclipse.jdt.ui.PackageExplorer" StartDate="2023-08-02 16:19:43.554 COT" StructureHandle="/RetroChat API Server/src/socket/ConnectToClient.java" StructureKind="resource" NumEvents="6" CreationCount="457"/><InteractionEvent Delta="null" EndDate="2023-08-05 15:28:54.434 COT" Interest="1.0" Kind="selection" Navigation="null" OriginId="org.eclipse.jdt.ui.CompilationUnitEditor" StartDate="2023-08-05 15:28:54.434 COT" StructureHandle="=RetroChat API Server/src&amp;lt;db{ManageUser.java[ManageUser|1" StructureKind="java"/><InteractionEvent Delta="null" EndDate="2023-08-05 16:33:54.227 COT" Interest="7.0" Kind="selection" Navigation="null" OriginId="org.eclipse.jdt.ui.CompilationUnitEditor" StartDate="2023-08-05 16:27:10.914 COT" StructureHandle="=RetroChat Client Project/src&amp;lt;gui{RegisterUserPanel.java[RegisterUserPanel~RegisterUserPanel" StructureKind="java" NumEvents="7" CreationCount="1776"/><InteractionEvent Delta="null" EndDate="2023-08-05 16:43:26.246 COT" Interest="28.802998" Kind="propagation" Navigation="org.eclipse.mylyn.core.model.edges.containment" OriginId="org.eclipse.mylyn.core.model.interest.propagation" StartDate="2023-08-05 16:39:44.27 COT" StructureHandle="=RetroChat Client Project/src&amp;lt;gui{RegisterUserPanel.java[RegisterUserPanel~RegisterUserPanel" StructureKind="java" NumEvents="41" CreationCount="1776"/><InteractionEvent Delta="null" EndDate="2023-08-05 16:34:09.779 COT" Interest="40.0" Kind="edit" Navigation="null" OriginId="org.eclipse.jdt.ui.CompilationUnitEditor" StartDate="2023-08-05 16:27:10.966 COT" StructureHandle="=RetroChat Client Project/src&amp;lt;gui{RegisterUserPanel.java[RegisterUserPanel~RegisterUserPanel" StructureKind="java" NumEvents="40" CreationCount="1776"/><InteractionEvent Delta="null" EndDate="2023-08-02 15:49:34.181 COT" Interest="4.0" Kind="selection" Navigation="null" OriginId="org.eclipse.jdt.ui.CompilationUnitEditor" StartDate="2023-08-02 15:49:05.278 COT" StructureHandle="=RetroChat API Server/src&amp;lt;db{DatabaseConnection.java[DatabaseConnection~setStatement~QStatement;" StructureKind="java" NumEvents="4" CreationCount="320"/><InteractionEvent Delta="null" EndDate="2023-08-02 15:49:44.471 COT" Interest="6.0" Kind="edit" Navigation="null" OriginId="org.eclipse.jdt.ui.CompilationUnitEditor" StartDate="2023-08-02 15:49:12.857 COT" StructureHandle="=RetroChat API Server/src&amp;lt;db{DatabaseConnection.java[DatabaseConnection~setStatement~QStatement;" StructureKind="java" NumEvents="6" CreationCount="320"/><InteractionEvent Delta="null" EndDate="2023-08-05 16:23:04.250 COT" Interest="3.0" Kind="selection" Navigation="null" OriginId="org.eclipse.jdt.ui.CompilationUnitEditor" StartDate="2023-08-05 16:08:44.125 COT" StructureHandle="=RetroChat Client Project/src&amp;lt;gui{LoginPanel.java[LoginPanel~LoginPanel[~actionPerformed~QActionEvent;" StructureKind="java" NumEvents="3" CreationCount="1467"/><InteractionEvent Delta="null" EndDate="2023-08-05 16:23:04.250 COT" Interest="2.6070004" Kind="manipulation" Navigation="null" OriginId="org.eclipse.mylyn.core.model.interest.decay.correction" StartDate="2023-08-05 16:23:04.250 COT" StructureHandle="=RetroChat Client Project/src&amp;lt;gui{LoginPanel.java[LoginPanel~LoginPanel[~actionPerformed~QActionEvent;" StructureKind="java"/><InteractionEvent Delta="null" EndDate="2023-08-05 15:51:42.549 COT" Interest="2.4" Kind="propagation" Navigation="org.eclipse.mylyn.core.model.edges.containment" OriginId="org.eclipse.mylyn.core.model.interest.propagation" StartDate="2023-08-05 15:51:06.208 COT" StructureHandle="=RetroChat API Server/src&amp;lt;run{run.java[run" StructureKind="java" NumEvents="3" CreationCount="1328"/><InteractionEvent Delta="null" EndDate="2023-08-05 16:21:38.645 COT" Interest="8.0" Kind="selection" Navigation="null" OriginId="org.eclipse.jdt.ui.CompilationUnitEditor" StartDate="2023-08-05 16:06:04.531 COT" StructureHandle="=RetroChat Client Project/src&amp;lt;gui{LoginFrame.java[LoginFrame^panel" StructureKind="java" NumEvents="8" CreationCount="1422"/><InteractionEvent Delta="null" EndDate="2023-08-05 16:18:32.723 COT" Interest="0.7680001" Kind="manipulation" Navigation="null" OriginId="org.eclipse.mylyn.core.model.interest.decay.correction" StartDate="2023-08-05 16:18:32.723 COT" StructureHandle="=RetroChat Client Project/src&amp;lt;gui{LoginFrame.java[LoginFrame^panel" StructureKind="java"/><InteractionEvent Delta="null" EndDate="2023-08-05 16:21:34.21 COT" Interest="4.0" Kind="edit" Navigation="null" OriginId="org.eclipse.jdt.ui.CompilationUnitEditor" StartDate="2023-08-05 16:06:05.749 COT" StructureHandle="=RetroChat Client Project/src&amp;lt;gui{LoginFrame.java[LoginFrame^panel" StructureKind="java" NumEvents="4" CreationCount="1422"/><InteractionEvent Delta="null" EndDate="2023-08-05 16:43:44.25 COT" Interest="24.0" Kind="selection" Navigation="null" OriginId="org.eclipse.jdt.ui.CompilationUnitEditor" StartDate="2023-08-02 14:55:28.34 COT" StructureHandle="=RetroChat Client Project/src&amp;lt;run{Start.java" StructureKind="java" NumEvents="24" CreationCount="1148"/><InteractionEvent Delta="null" EndDate="2023-08-03 10:49:41.898 COT" Interest="4.38" Kind="manipulation" Navigation="null" OriginId="org.eclipse.mylyn.core.model.interest.decay.correction" StartDate="2023-08-03 10:49:41.898 COT" StructureHandle="=RetroChat Client Project/src&amp;lt;run{Start.java" StructureKind="java"/><InteractionEvent Delta="null" EndDate="2023-08-05 16:44:41.261 COT" Interest="36.81199" Kind="propagation" Navigation="org.eclipse.mylyn.core.model.edges.containment" OriginId="org.eclipse.mylyn.core.model.interest.propagation" StartDate="2023-08-02 14:48:00.313 COT" StructureHandle="=RetroChat Client Project/src&amp;lt;run{Start.java" StructureKind="java" NumEvents="52" CreationCount="1148"/><InteractionEvent Delta="null" EndDate="2023-08-05 16:43:38.125 COT" Interest="112.0" Kind="propagation" Navigation="null" OriginId="org.eclipse.jdt.ui.CompilationUnitEditor" StartDate="2023-08-05 15:29:49.485 COT" StructureHandle="/RetroChat Client Project/src/gui/LoginFrame.java" StructureKind="resource" NumEvents="112" CreationCount="1351"/><InteractionEvent Delta="null" EndDate="2023-08-05 16:43:26.246 COT" Interest="4.0" Kind="selection" Navigation="null" OriginId="org.eclipse.jdt.ui.CompilationUnitEditor" StartDate="2023-08-05 16:33:18.578 COT" StructureHandle="=RetroChat Client Project/src&amp;lt;gui{RegisterUserPanel.java[RegisterUserPanel~RegisterUserPanel[~actionPerformed~QActionEvent;" StructureKind="java" NumEvents="4" CreationCount="1835"/><InteractionEvent Delta="null" EndDate="2023-08-05 16:42:13.983 COT" Interest="84.0" Kind="edit" Navigation="null" OriginId="org.eclipse.jdt.ui.CompilationUnitEditor" StartDate="2023-08-05 16:33:20.216 COT" StructureHandle="=RetroChat Client Project/src&amp;lt;gui{RegisterUserPanel.java[RegisterUserPanel~RegisterUserPanel[~actionPerformed~QActionEvent;" StructureKind="java" NumEvents="84" CreationCount="1835"/><InteractionEvent Delta="null" EndDate="2023-08-02 16:29:59.188 COT" Interest="1.0" Kind="selection" Navigation="null" OriginId="org.eclipse.jdt.ui.CompilationUnitEditor" StartDate="2023-08-02 16:29:59.188 COT" StructureHandle="=RetroChat API Server/src&amp;lt;users{UserLogin.java[UserLogin~getUser" StructureKind="java"/><InteractionEvent Delta="null" EndDate="2023-08-03 10:49:24.160 COT" Interest="23.0" Kind="propagation" Navigation="null" OriginId="org.eclipse.jdt.ui.PackageExplorer" StartDate="2023-08-02 16:19:43.555 COT" StructureHandle="/RetroChat API Server/src/users/User.java" StructureKind="resource" NumEvents="23" CreationCount="457"/><InteractionEvent Delta="null" EndDate="2023-08-05 16:24:23.185 COT" Interest="15.0" Kind="selection" Navigation="null" OriginId="org.eclipse.jdt.ui.CompilationUnitEditor" StartDate="2023-08-05 16:09:56.279 COT" StructureHandle="=RetroChat Client Project/src&amp;lt;gui{RegisterUser.java[RegisterUser" StructureKind="java" NumEvents="15" CreationCount="1479"/><InteractionEvent Delta="null" EndDate="2023-08-05 16:24:18.294 COT" Interest="21.0" Kind="edit" Navigation="null" OriginId="org.eclipse.jdt.ui.CompilationUnitEditor" StartDate="2023-08-05 16:11:56.373 COT" StructureHandle="=RetroChat Client Project/src&amp;lt;gui{RegisterUser.java[RegisterUser" StructureKind="java" NumEvents="21" CreationCount="1479"/><InteractionEvent Delta="null" EndDate="2023-08-05 15:59:37.850 COT" Interest="16.691002" Kind="propagation" Navigation="org.eclipse.mylyn.core.model.edges.containment" OriginId="org.eclipse.mylyn.core.model.interest.propagation" StartDate="2023-08-02 16:19:43.554 COT" StructureHandle="/RetroChat API Server/src/socket" StructureKind="resource" NumEvents="7" CreationCount="457"/><InteractionEvent Delta="null" EndDate="2023-08-05 16:42:59.561 COT" Interest="4.0" Kind="selection" Navigation="null" OriginId="org.eclipse.jdt.ui.PackageExplorer" StartDate="2023-08-05 15:40:31.343 COT" StructureHandle="=RetroChat Client Project/src&amp;lt;socket{ReadNetworkData.java" StructureKind="java" NumEvents="4" CreationCount="1247"/><InteractionEvent Delta="null" EndDate="2023-08-05 16:42:59.561 COT" Interest="9.1380005" Kind="manipulation" Navigation="null" OriginId="org.eclipse.mylyn.core.model.interest.decay.correction" StartDate="2023-08-05 16:42:59.561 COT" StructureHandle="=RetroChat Client Project/src&amp;lt;socket{ReadNetworkData.java" StructureKind="java"/><InteractionEvent Delta="null" EndDate="2023-08-05 16:14:01.656 COT" Interest="7.0" Kind="selection" Navigation="null" OriginId="org.eclipse.jdt.ui.CompilationUnitEditor" StartDate="2023-08-05 15:41:24.256 COT" StructureHandle="=RetroChat Client Project/src&amp;lt;socket{ConnectToServer.java[ConnectToServer~ConnectToServer" StructureKind="java" NumEvents="7" CreationCount="1253"/><InteractionEvent Delta="null" EndDate="2023-08-05 15:53:11.0 COT" Interest="63.0" Kind="edit" Navigation="null" OriginId="org.eclipse.jdt.ui.CompilationUnitEditor" StartDate="2023-08-05 15:41:25.608 COT" StructureHandle="=RetroChat Client Project/src&amp;lt;socket{ConnectToServer.java[ConnectToServer~ConnectToServer" StructureKind="java" NumEvents="63" CreationCount="1253"/><InteractionEvent Delta="null" EndDate="2023-08-02 16:15:39.746 COT" Interest="20.0" Kind="selection" Navigation="null" OriginId="org.eclipse.jdt.ui.CompilationUnitEditor" StartDate="2023-08-02 15:10:36.563 COT" StructureHandle="=RetroChat API Server/src&amp;lt;db{DatabaseConnection.java[DatabaseConnection" StructureKind="java" NumEvents="20" CreationCount="64"/><InteractionEvent Delta="null" EndDate="2023-08-02 15:19:27.73 COT" Interest="41.544" Kind="propagation" Navigation="org.eclipse.mylyn.core.model.edges.containment" OriginId="org.eclipse.mylyn.core.model.interest.propagation" StartDate="2023-08-02 15:15:42.857 COT" StructureHandle="=RetroChat API Server/src&amp;lt;db{DatabaseConnection.java[DatabaseConnection" StructureKind="java" NumEvents="59" CreationCount="64"/><InteractionEvent Delta="null" EndDate="2023-08-02 16:16:22.967 COT" Interest="30.0" Kind="edit" Navigation="null" OriginId="org.eclipse.jdt.ui.CompilationUnitEditor" StartDate="2023-08-02 15:10:37.481 COT" StructureHandle="=RetroChat API Server/src&amp;lt;db{DatabaseConnection.java[DatabaseConnection" StructureKind="java" NumEvents="30" CreationCount="64"/><InteractionEvent Delta="null" EndDate="2023-08-05 16:45:27.178 COT" Interest="1.0" Kind="selection" Navigation="null" OriginId="org.eclipse.jdt.ui.CompilationUnitEditor" StartDate="2023-08-05 16:45:27.178 COT" StructureHandle="=RetroChat Client Project/src&amp;lt;socket{ConnectToServer.java[ConnectToServer~run" StructureKind="java"/><InteractionEvent Delta="null" EndDate="2023-08-05 16:55:24.125 COT" Interest="1.0" Kind="edit" Navigation="null" OriginId="org.eclipse.jdt.ui.CompilationUnitEditor" StartDate="2023-08-05 16:55:24.125 COT" StructureHandle="=RetroChat Client Project/src&amp;lt;socket{ConnectToServer.java[ConnectToServer~run" StructureKind="java"/></InteractionHistory>