<?xml version="1.0" encoding="UTF-8"?><TaskList Version="2.0"><Task ConnectorKind="local" RepositoryUrl="local" TaskId="1" Handle="local-1" Label="API" Priority="P3" Kind="task" IssueURL="" Notes="" Estimated="0" EndDate="" CreationDate="2023-08-02 14:43:28.35 -0500" ModificationDate="" DueDate="" Owner="local" Active="false" ScheduledStartDate="2023-07-30 00:00:00.0 -0500" ScheduledEndDate="2023-08-05 23:59:59.999 -0500" Reminded="false" MarkReadPending="false" NotifiedIncoming="true" offlineSyncState="SYNCHRONIZED"><SubTask Handle="local-2"/></Task><Task ConnectorKind="local" RepositoryUrl="local" TaskId="5" Handle="local-5" Label="Update data DB" Priority="P3" Kind="task" IssueURL="" Notes="" Estimated="0" EndDate="" CreationDate="2023-08-02 14:45:32.713 -0500" ModificationDate="" DueDate="" Owner="local" Active="false" ScheduledStartDate="2023-07-30 00:00:00.0 -0500" ScheduledEndDate="2023-08-05 23:59:59.999 -0500" Reminded="false" MarkReadPending="false" NotifiedIncoming="true" offlineSyncState="SYNCHRONIZED"><SubTask Handle="local-6"/></Task><Task ConnectorKind="local" RepositoryUrl="local" TaskId="4" Handle="local-4" Label="Read data db" Priority="P3" Kind="task" IssueURL="" Notes="" Estimated="0" EndDate="" CreationDate="2023-08-02 14:45:24.936 -0500" ModificationDate="" DueDate="" Owner="local" Active="false" ScheduledStartDate="2023-07-30 00:00:00.0 -0500" ScheduledEndDate="2023-08-05 23:59:59.999 -0500" Reminded="false" MarkReadPending="false" NotifiedIncoming="true" offlineSyncState="SYNCHRONIZED"><SubTask Handle="local-5"/></Task><Task ConnectorKind="local" RepositoryUrl="local" TaskId="3" Handle="local-3" Label="Create Elements DB" Priority="P3" Kind="task" IssueURL="" Notes="" Estimated="0" EndDate="" CreationDate="2023-08-02 14:45:10.729 -0500" ModificationDate="" DueDate="" Owner="local" Active="false" ScheduledStartDate="2023-07-30 00:00:00.0 -0500" ScheduledEndDate="2023-08-05 23:59:59.999 -0500" Reminded="false" MarkReadPending="false" NotifiedIncoming="true" offlineSyncState="SYNCHRONIZED"><SubTask Handle="local-4"/></Task><Task ConnectorKind="local" RepositoryUrl="local" TaskId="2" Handle="local-2" Label="Connection socket" Priority="P3" Kind="task" IssueURL="" Notes="" Estimated="0" EndDate="" CreationDate="2023-08-02 14:44:09.417 -0500" ModificationDate="" DueDate="" Owner="local" Active="true" ScheduledStartDate="2023-07-30 00:00:00.0 -0500" ScheduledEndDate="2023-08-05 23:59:59.999 -0500" Reminded="false" MarkReadPending="false" NotifiedIncoming="true" offlineSyncState="SYNCHRONIZED"><SubTask Handle="local-3"/></Task><Task ConnectorKind="local" RepositoryUrl="local" TaskId="7" Handle="local-7" Label="Delete Data DB" Priority="P3" Kind="task" IssueURL="" Notes="" Estimated="0" EndDate="" CreationDate="2023-08-02 14:45:52.193 -0500" ModificationDate="" DueDate="" Owner="local" Active="false" ScheduledStartDate="2023-07-30 00:00:00.0 -0500" ScheduledEndDate="2023-08-05 23:59:59.999 -0500" Reminded="false" MarkReadPending="false" NotifiedIncoming="true" offlineSyncState="SYNCHRONIZED"/><Task ConnectorKind="local" RepositoryUrl="local" TaskId="6" Handle="local-6" Label="Update data db" Priority="P3" Kind="task" IssueURL="" Notes="" Estimated="0" EndDate="" CreationDate="2023-08-02 14:45:39.473 -0500" ModificationDate="" DueDate="" Owner="local" Active="false" ScheduledStartDate="2023-07-30 00:00:00.0 -0500" ScheduledEndDate="2023-08-05 23:59:59.999 -0500" Reminded="false" MarkReadPending="false" NotifiedIncoming="true" offlineSyncState="SYNCHRONIZED"><SubTask Handle="local-7"/></Task><TaskCategory Handle="Uncategorized" Name="Uncategorized"><TaskReference Handle="local-1"/></TaskCategory></TaskList>